[{"id":"ea_e4ee35d97239a465","geometryId":"g_e4ee35d97239a465","kind":"open","details":{"externalId":""}},{"id":"ea_7e6a4543fe886167","geometryId":"g_7e6a4543fe886167","kind":"open","details":{"externalId":""}},{"id":"ea_cd5084fd1c69fa34","geometryId":"g_cd5084fd1c69fa34","kind":"open","details":{"externalId":""}},{"id":"ea_0952693cbd18032c","geometryId":"g_0952693cbd18032c","kind":"open","details":{"externalId":""}},{"id":"ea_43bf552ca90285a6","geometryId":"g_43bf552ca90285a6","kind":"open","details":{"externalId":""}},{"id":"ea_7507166e3e0f09d3","geometryId":"g_7507166e3e0f09d3","kind":"open","details":{"externalId":""}},{"id":"ea_a3d63d35161d4a2c","geometryId":"g_a3d63d35161d4a2c","kind":"open","details":{"externalId":""}},{"id":"ea_2e2595d88355b022","geometryId":"g_2e2595d88355b022","kind":"open","details":{"externalId":""}},{"id":"ea_1dee207b2b68dfe6","geometryId":"g_1dee207b2b68dfe6","kind":"open","details":{"externalId":""}},{"id":"ea_c0d8cfe51a848c6f","geometryId":"g_c0d8cfe51a848c6f","kind":"open","details":{"externalId":""}},{"id":"ea_b13cb1c0d1cfa138","geometryId":"g_b13cb1c0d1cfa138","kind":"open","details":{"externalId":""}},{"id":"ea_625f441fe3821c57","geometryId":"g_625f441fe3821c57","kind":"open","details":{"externalId":""}},{"id":"ea_917965b08a85e953","geometryId":"g_917965b08a85e953","kind":"open","details":{"externalId":""}},{"id":"ea_5d6f7e080d04f05b","geometryId":"g_5d6f7e080d04f05b","kind":"open","details":{"externalId":""}},{"id":"ea_47445711f6090554","geometryId":"g_47445711f6090554","kind":"open","details":{"externalId":""}},{"id":"ea_6fbc2bd604562d1c","geometryId":"g_6fbc2bd604562d1c","kind":"open","details":{"externalId":""}},{"id":"ea_a16cb652a77a1acc","geometryId":"g_a16cb652a77a1acc","kind":"open","details":{"externalId":""}},{"id":"ea_083e66d4fc2d66d1","geometryId":"g_083e66d4fc2d66d1","kind":"open","details":{"externalId":""}},{"id":"ea_06525b896f7e2b11","geometryId":"g_06525b896f7e2b11","kind":"open","details":{"externalId":""}},{"id":"ea_3a997d590ecddb38","geometryId":"g_3a997d590ecddb38","kind":"open","details":{"externalId":""}},{"id":"ea_17ecd22fb51ecbd1","geometryId":"g_17ecd22fb51ecbd1","kind":"open","details":{"externalId":""}},{"id":"ea_e9a033c45802f162","geometryId":"g_e9a033c45802f162","kind":"open","details":{"externalId":""}},{"id":"ea_99838b7e23522a8a","geometryId":"g_99838b7e23522a8a","kind":"open","details":{"externalId":""}},{"id":"ea_89fe4af29909b406","geometryId":"g_89fe4af29909b406","kind":"open","details":{"externalId":""}},{"id":"ea_e51c07807c680a2d","geometryId":"g_e51c07807c680a2d","kind":"open","details":{"externalId":""}},{"id":"ea_14ec7eeff788e5f8","geometryId":"g_14ec7eeff788e5f8","kind":"open","details":{"externalId":""}},{"id":"ea_cf6849b0546eccdc","geometryId":"g_cf6849b0546eccdc","kind":"open","details":{"externalId":""}},{"id":"ea_58674ec54f2ba7be","geometryId":"g_58674ec54f2ba7be","kind":"open","details":{"externalId":""}},{"id":"ea_519ae24898eb4339","geometryId":"g_519ae24898eb4339","kind":"open","details":{"externalId":""}},{"id":"ea_76c4e98fb3de5f18","geometryId":"g_76c4e98fb3de5f18","kind":"open","details":{"externalId":""}},{"id":"ea_82a435dcac21f10e","geometryId":"g_82a435dcac21f10e","kind":"open","details":{"externalId":""}},{"id":"ea_894999066b1459f6","geometryId":"g_894999066b1459f6","kind":"open","details":{"externalId":""}},{"id":"ea_b3b163d82e4c5b4c","geometryId":"g_b3b163d82e4c5b4c","kind":"open","details":{"externalId":""}},{"id":"ea_0385c4745c2c002f","geometryId":"g_0385c4745c2c002f","kind":"open","details":{"externalId":""}},{"id":"ea_914eeab0cb05fea6","geometryId":"g_914eeab0cb05fea6","kind":"open","details":{"externalId":""}},{"id":"ea_9b9ec5b962050a76","geometryId":"g_9b9ec5b962050a76","kind":"open","details":{"externalId":""}},{"id":"ea_a9170ad531e26a08","geometryId":"g_a9170ad531e26a08","kind":"open","details":{"externalId":""}},{"id":"ea_1e4c216de5eb27c5","geometryId":"g_1e4c216de5eb27c5","kind":"open","details":{"externalId":""}},{"id":"ea_34186522322ccd11","geometryId":"g_34186522322ccd11","kind":"open","details":{"externalId":""}},{"id":"ea_e04c10a712945dfc","geometryId":"g_e04c10a712945dfc","kind":"open","details":{"externalId":""}},{"id":"ea_99c51722b0bc0b3a","geometryId":"g_99c51722b0bc0b3a","kind":"open","details":{"externalId":""}},{"id":"ea_44a6834ccf9b4372","geometryId":"g_44a6834ccf9b4372","kind":"open","details":{"externalId":""}},{"id":"ea_ab440eadd1cc164d","geometryId":"g_ab440eadd1cc164d","kind":"open","details":{"externalId":""}},{"id":"ea_b0831c3cc457b246","geometryId":"g_b0831c3cc457b246","kind":"open","details":{"externalId":""}},{"id":"ea_9fd4bbe4fe3780ba","geometryId":"g_9fd4bbe4fe3780ba","kind":"open","details":{"externalId":""}},{"id":"ea_2fb7ea8087c458dc","geometryId":"g_2fb7ea8087c458dc","kind":"open","details":{"externalId":""}},{"id":"ea_7a5dc2c54d4423c5","geometryId":"g_7a5dc2c54d4423c5","kind":"open","details":{"externalId":""}}]