{"g_c10edcbebaec5136":"wall","g_cb4ce1288fdfb29a":"wall","g_53e21908ce2a9a56":"wall","g_d2ca887d23ecfe40":"wall","g_534d675a42d8f750":"wall","g_b1cbea8a37f7c3ac":"wall","g_1d450e46ae99ef82":"wall","g_f7e7585a9a892206":"wall","g_aa41e739d582d9b0":"wall","g_b1e92c5241a6e028":"wall","g_2c773d34bb5422e6":"wall","g_cf1969b79e487b2b":"wall","g_6a0465855ff67a2d":"wall","g_3db32cb7e27fa4b7":"wall","g_badaf6dcd623263a":"wall","g_8ddf311277bf1e6d":"wall","g_adbe00d3ff45048b":"wall","g_04f24c235eeefd93":"wall","g_5ce72aae8973b1a5":"wall","g_4f7eb9d8485ca49d":"wall","g_0f792477a2d527d2":"wall","g_22497557124a0125":"wall","g_aef12a29b1a4557e":"wall","g_ae41f70b1523ef5d":"wall","g_2aff27e797df2131":"wall","g_47df488c1d8b762a":"wall","g_dc4a5038e8392e07":"wall","g_fa17c8c53ea28d78":"wall","g_7fdabc2873b2557d":"wall","g_b0a3d3cf9b3e6c53":"wall","g_490c839d1f5ec869":"wall","g_621d550b0c1ee4ad":"wall","g_85d9805790cab984":"wall","g_c868cc3bdeb7d72f":"wall","g_c1e93cf57d8897c0":"wall","g_c326a532d796d20b":"wall","g_78a06a7aad1dbb84":"wall","g_f3790bbbd4bd3fe8":"wall","g_23a944f67a160bc0":"wall","g_faa98a081654aa84":"wall","g_0502674a2a53c181":"wall","g_ed41a06c95121f6a":"wall","g_aa8bec7fbe9fafb1":"wall","g_1448990c7f9bee44":"wall","g_c3a4cf15ba9e4c9b":"wall","g_391888dded9773fb":"wall","g_d8d530dc4568e888":"wall","g_23a127dffa73eadc":"wall","g_f9d5743fe4be5a13":"wall","g_8ba1676b68cadb86":"wall","g_834b08b759af65c5":"wall","g_a0f20a517723607e":"wall","g_880314a46e757848":"wall","g_50d705d2a01d4f0c":"wall","g_2b8530cafe9f0cb6":"wall","g_b1556ddc53cee1bd":"wall","g_a663fafabf1de6b6":"wall","g_0eb07d782896ab14":"wall","g_d503a9f7a7817619":"wall","g_5565d2ae4324f531":"wall","g_f2fceddde565bcc8":"wall","g_2bf00516f62c626d":"wall","g_5372b72d6ec87144":"wall","g_1b300560d07f48bd":"wall","g_07010a5c60906913":"wall","g_b02461da38068763":"wall","g_8b17a08348dc93fb":"wall","g_a0f7912200f7b1d2":"wall","g_c5492a2dfbb99602":"wall","g_0e83e4cca9dcdf2e":"wall","g_ebe7f14f0ba7e205":"wall","g_beff746e4386c6bb":"wall","g_290aeb1351fe1139":"wall","g_e27f9f4357f21ae3":"wall","g_c801af4dfd019e56":"wall","g_010cdf842ead3fc9":"wall","g_114715d409e53223":"wall","g_00f989961fefa26f":"wall","g_495eba0da6a92bb0":"wall","g_86387e1c9802b49c":"wall","g_828ad287c656ef11":"wall","g_7b477a9c9578e476":"wall","g_8c89025bf121833a":"wall","g_1310a363648f14ce":"wall","g_959c1d901afcffcc":"wall","g_5a4e9c73cdf9b992":"wall","g_d4073db18f12effa":"wall","g_12a0a61694da0203":"wall","g_8979d27bc04fc1c0":"wall","g_f7f990aef76f7bc6":"wall","g_d95ebcb99a89f089":"wall","g_19785afc5842f01b":"wall","g_a47a2528e164cdd3":"wall","g_5ee9b313c94b5a0b":"wall","g_fea8ba159116d124":"wall","g_742bed703964bdbb":"wall","g_723ea6011766d5ca":"wall","g_7d206253961657d7":"wall","g_0be7ca59ce587f41":"wall","g_132f0ec9a5375158":"wall","g_a021a9b535d0236f":"wall","g_d2f8286422c3f3ce":"wall","g_54e7a69f2c9fb7be":"wall","g_afd81d671e0ef56e":"wall","g_db7af0217b7b403a":"wall","g_4df7094b9aecaac8":"wall","g_31887d7ed752ebca":"wall","g_7f3f954be853e5f7":"wall","g_a7593cbf3289d42b":"wall","g_d2911bcc9e7d03db":"wall","g_b1c23d0110ef0374":"wall","g_a840e6fff7651b5d":"wall","g_fb3cf86ad85bfbda":"wall","g_e061dc654f923c51":"wall","g_6f29b8deed0306de":"wall","g_bf67922e407a167f":"wall","g_3c80d590b68f9b4c":"wall","g_9eb6b41d3b733049":"wall","g_44048111e6aeeba2":"wall","g_6bfcf255ec5f8f81":"wall","g_52ddb430fe3dada9":"wall","g_d0f93973acffdd22":"wall","g_89e09a7e978bd11d":"wall","g_9d24fed4b7491db3":"wall","g_3c55ff39fdc79eae":"wall","g_822b1088075e0f5f":"wall","g_defad5951048502a":"wall","g_46468fa81bad8809":"wall","g_3ff6ece3a003dd34":"wall","g_d2bef3a014ae33e8":"wall","g_b76126cbad92f017":"wall","g_3071441a507f0ee2":"wall","g_f04dd57d5e05a238":"wall","g_b7ded81e5b1fd55c":"wall","g_33369dd9e31b6beb":"wall","g_267621fed6fdf14b":"wall","g_66111df57f717cfb":"wall","g_f0aaa98ec69264eb":"wall","g_acc41a4caf903a08":"wall","g_c245d38c93f64ce3":"wall","g_cfeca9b3578974ab":"wall","g_34d116a44be62661":"wall","g_abb83434f8a50cd0":"wall","g_c4f83fd5d7d6e81a":"wall","g_8dda348a74cd757d":"wall","g_5ba3f54f819122de":"wall","g_cece5a24ebeaca18":"wall","g_18017859dbf7e601":"wall","g_a9ed7e2e50c9a607":"wall","g_30212be8372fd2d3":"wall","g_19c13e82886c3eae":"wall","g_d8e6cbdcd7e47e8d":"wall","g_fec1f006aabcc8c0":"wall","g_e3251a992d421aad":"wall","g_d1b84d535b448cba":"wall","g_b7a0bd176b6ae7bb":"wall","g_7b2f4122f90d920a":"wall","g_d58f972f1c4f9f16":"wall","g_a549be8c8a487c8b":"wall","g_fe3eaa0ece6ce8b3":"wall","g_264969266923b664":"wall","g_f1d50fa49ebc229e":"wall","g_40a5442648d60d9c":"wall","g_dfe0c13aa3b8f186":"wall","g_5903db618a1fe4e9":"wall","g_a9d1b618292eb0ad":"wall","g_5406f6693138b143":"wall","g_af4f1c58448c3c32":"wall","g_0bf9bccab5a68302":"wall","g_d9f921fdd43e702f":"wall","g_d7fb4fed2d88a6ad":"wall","g_f984efea674d59be":"wall","g_fedf42dec6e54405":"wall","g_01d142c5e42b67b5":"wall","g_f31bc86d6a6334e9":"wall","g_041b1082abe7c68d":"wall","g_38343c3fa86487c9":"wall","g_7092611835fb3aa1":"wall","g_5640f4f4944bc215":"wall","g_963f051b185ee967":"wall","g_d777e21ec95e7b74":"wall","g_90aefcc95961f3c3":"wall","g_98423f2a8c2f3360":"wall","g_1f6c270627674b62":"wall","g_9532d0043b785e75":"wall","g_b6aa85056df264c8":"wall","g_25d195e2250c460c":"wall","g_54c689f6e191c012":"wall","g_3f436b9a68b00a1d":"wall","g_f72fa3ccae3db16d":"wall","g_0453418dd27af6a1":"wall","g_e74d887b139b4a80":"wall","g_0ef165f08eb3d3bb":"wall","g_d2e73ad4d0bbceac":"wall","g_6c235e1c98eaca24":"wall","g_7e9f3a0ceaeb5572":"wall","g_74130c19c3affc4c":"wall","g_4f8d27c7c4065a21":"wall","g_a6d29f270073b87e":"wall","g_d681a92589a6d461":"wall","g_2c77acfe6ebca120":"wall","g_4bf049557c1f3f7a":"wall","g_49f5434dc091867d":"wall","g_39940a2eac57b53c":"wall","g_ee682104a8c8a343":"wall","g_6fd3e705909218d2":"wall","g_46bcd1fc353d8a56":"wall","g_6bb92a949cc0c2d9":"wall","g_aed4a5f2cc49217c":"wall","g_a6dfcce4259548ef":"wall","g_8938fa5872bed1d2":"wall","g_79aca434f41921a6":"wall","g_38e0eec505a0fba7":"wall","g_f08e7740f148c53c":"wall","g_bde1ff2687d26eb4":"wall","g_b6bfd7ed107862c0":"wall","g_7285bbc0505544f1":"wall","g_e4da8f9febc746ae":"wall","g_3ac5039ca7436fbd":"wall","g_08bf8ea40c5a068d":"wall","g_8cfdedf71e63a3cf":"wall","g_febc22abe51ba4f8":"wall","g_a00df35914184c11":"wall","g_e600285dc301e8e4":"wall","g_f381f06f1950ed8d":"wall","g_1364b714c8d6e3fe":"wall","g_110490d0ffc2400a":"wall","g_32e67bff79072169":"wall","g_41da22d527f8e70c":"wall","g_d0678217824d10c7":"wall","g_ba5574f1a6b8684b":"wall","g_904311b503b279cc":"wall","g_21d04da7965ff352":"wall","g_c56530b9fb2d47b7":"wall","g_712553f2c3f81102":"wall","g_db556ebeb244f9a8":"wall","g_66da6aa7c1dfa2e5":"wall","g_32cc4a8c12c35b2b":"wall","g_94c981af14c3a2a5":"wall","g_3d139b9f85215439":"wall","g_9498caa5790e56a2":"wall","g_654c9d5c98f49cc1":"wall","g_abe291b329f54fef":"wall","g_00abfc473b225e72":"wall","g_f30037ec0ce5b5c8":"wall","g_7400552d29e4b3a3":"wall","g_12d6f9130525241d":"wall","g_eef10fa717605d13":"wall","g_ae1c174ade2b6701":"wall","g_ff20be31b7613dd8":"wall","g_0290a3a9c6647194":"wall","g_38fbef4100d71038":"wall","g_fb1f4a2623430172":"wall","g_10a9fb9ed0b82c74":"wall","g_60693b1102872835":"wall","g_f1484a30d12fd4f0":"wall","g_d256e0e9f7fa1063":"wall","g_2822856c189da605":"wall","g_8417d48eae660361":"wall","g_9659746dcd3e06d1":"wall","g_c2151d41622693e0":"wall","g_be3f806b37cd873b":"wall","g_d329a12fca3abcc2":"wall","g_7b6604b8795a0a1b":"wall","g_9cab585f1354a340":"wall","g_a5f38d9ad1235a2f":"wall","g_6cb973084fc4d89b":"wall","g_bbd93a645e305324":"wall","g_c3dbb1e1393e6c68":"wall","g_f965635999469498":"wall","g_9ead8286381e451a":"wall","g_8b73258e98640258":"wall","g_b3482f7bfdf68ddc":"wall","g_eb60fdc33e5e444b":"wall","g_d906d84f87c83e11":"wall","g_a80b682aa30ca4ff":"wall","g_b93cf7d3aa1e1aa6":"wall","g_ca458b0b0874531e":"wall","g_ff330dab716015c1":"wall","g_b3a419eefe9e12d5":"wall","g_fdb7fa5d067dcd16":"wall","g_d5c612ea486073a8":"wall","g_1106a1e6a150a71f":"wall","g_8f91e248314e9070":"wall","g_082a5a89c43cbfc6":"wall","g_f2d023f3359100d8":"wall","g_9e053170f6ee852c":"wall","g_8e17ac2df2eb71c6":"wall","g_57326d962de5a03b":"wall","g_5f47027d93ab41ee":"wall","g_78a486e97911e884":"wall","g_2b8939aa80579647":"wall","g_625ee1ff61ce9a9f":"wall","g_b4f31e87edfb8a17":"wall","g_a95996df92e48c1e":"wall","g_e49906319f8e70d5":"wall","g_2c5d6a9c4a787fce":"wall","g_8556e6ff082aff4f":"wall","g_1bd1bcd4438014f3":"wall","g_6c34cb4be662bb68":"wall","g_bcb29c53d930060a":"wall","g_35dee54b24dac50f":"wall","g_23af8c492ec3cad0":"wall","g_ba43ccdb87b1cda8":"wall","g_04a4a7eb2e2ba624":"wall","g_ea705c240d415e8a":"wall","g_d80dfa43275008ee":"wall","g_b9da9dc34aac15f9":"wall","g_fb2b1834025af11b":"wall","g_c58e801e36620b00":"wall","g_46233b2e7070717f":"wall","g_f3dc646dc1e8fb81":"wall","g_4bc1c85e43c04228":"wall","g_7423cc42d9b3c183":"wall","g_9cfe31755791b91a":"wall","g_bc2bc7bfae07ef6f":"room","g_9445d1e4eb09f6d0":"room","g_528254d48f3a513b":"room","g_4db785c4071b8eb0":"room","g_881eddeba7abf99c":"room","g_a21619e43ecbe574":"room","g_95d336623aaccc3b":"room","g_e6b763790fba25a7":"room","g_1be677d0135c6481":"room","g_14dcb437d964d18b":"room","g_db8907377d455ae8":"room","g_5892c384fdeaa688":"room","g_4bf2001d5d2d68a5":"room","g_ce04768b4c9a9d12":"room","g_489edcf46c5595f6":"room","g_bd6dc77908038f52":"room","g_98bb8c71c8d81416":"room","g_276bfe29e23e1905":"room","g_d3e854eb78832b96":"room","g_6b24addd885540d1":"room","g_a2511f9488bdee8e":"room","g_4e92bf47f69633c6":"room","g_41eae7b6810ba2ae":"room","g_008af7458d3ea6d7":"room","g_7786aac27c2c5175":"room","g_b2cb26ffaead81b4":"room","g_5d4a0c1629077746":"room","g_ee408946399aeb7e":"room","g_f8a91e07b1fc5fa0":"room","g_73cd51ba594c4850":"room","g_77b3d3f5fde64f93":"room","g_41f68b0962223d19":"room","g_a3b0f45299e88d5e":"room","g_cb663450c2a5f0ad":"room","g_5f96c3d95a48a937":"room","g_2bfa4a1d48067ac7":"room","g_dd80534c400cdb37":"room","g_ef713b0d35499fdb":"room","g_bf7f9317fd8446e2":"room","g_3ce9ef769b696dab":"room","g_de2c6c9f9904995f":"room","g_65850d663a12c892":"room","g_1007fccf3736cd6a":"room","g_0a3ff67dc03f51a2":"room","g_ee3c869849bd4993":"room","g_e2bfce272d79da73":"room","g_910c5ab2a09dc5d7":"room","g_46a4c56baccba2cb":"room","g_0f52bfdacd1dba0c":"room","g_92eef5e1ccb24c52":"room","g_12d4392af982f529":"room","g_a036f12e70ef9e2d":"room","g_1e1619eac2391c74":"room","g_cc3347d7474188d7":"room","g_583433a61f165186":"room","g_b689978d61bc6520":"room","g_dd9872cffe7de0ae":"room","g_1a70bcbcb7c4139d":"room","g_e41147d03c5d6442":"room","g_9dfaff0a99287c7d":"room"}