[{"id":"ea_5948675b364306c6","geometryId":"g_5948675b364306c6","kind":"open","details":{"externalId":""}},{"id":"ea_1cdec6063e38e206","geometryId":"g_1cdec6063e38e206","kind":"open","details":{"externalId":""}},{"id":"ea_b68230a54d11d33f","geometryId":"g_b68230a54d11d33f","kind":"open","details":{"externalId":""}},{"id":"ea_776be2c781cda084","geometryId":"g_776be2c781cda084","kind":"open","details":{"externalId":""}},{"id":"ea_89a120c3aa7c8669","geometryId":"g_89a120c3aa7c8669","kind":"open","details":{"externalId":""}},{"id":"ea_7a44765827b1a05d","geometryId":"g_7a44765827b1a05d","kind":"open","details":{"externalId":""}},{"id":"ea_1a6fd9ca14dd3534","geometryId":"g_1a6fd9ca14dd3534","kind":"open","details":{"externalId":""}},{"id":"ea_285a3363a22ae507","geometryId":"g_285a3363a22ae507","kind":"open","details":{"externalId":""}},{"id":"ea_dd02aa74e3c3a788","geometryId":"g_dd02aa74e3c3a788","kind":"open","details":{"externalId":""}},{"id":"ea_c5dbaffdd51711fe","geometryId":"g_c5dbaffdd51711fe","kind":"open","details":{"externalId":""}},{"id":"ea_dd89ad2d97553a94","geometryId":"g_dd89ad2d97553a94","kind":"open","details":{"externalId":""}},{"id":"ea_a5f69173d340c88a","geometryId":"g_a5f69173d340c88a","kind":"open","details":{"externalId":""}},{"id":"ea_70ac43615ac66a2b","geometryId":"g_70ac43615ac66a2b","kind":"open","details":{"externalId":""}},{"id":"ea_e105aaa5fd9ae215","geometryId":"g_e105aaa5fd9ae215","kind":"open","details":{"externalId":""}},{"id":"ea_aadb99f760d9ddca","geometryId":"g_aadb99f760d9ddca","kind":"open","details":{"externalId":""}},{"id":"ea_fd0d37227fa987a7","geometryId":"g_fd0d37227fa987a7","kind":"open","details":{"externalId":""}},{"id":"ea_fe0c1ebc443b51d3","geometryId":"g_fe0c1ebc443b51d3","kind":"open","details":{"externalId":""}},{"id":"ea_6c206547e06490ff","geometryId":"g_6c206547e06490ff","kind":"open","details":{"externalId":""}},{"id":"ea_357d7c66c7ec0975","geometryId":"g_357d7c66c7ec0975","kind":"open","details":{"externalId":""}},{"id":"ea_e96d701fa94446d6","geometryId":"g_e96d701fa94446d6","kind":"open","details":{"externalId":""}},{"id":"ea_86bca54757e63718","geometryId":"g_86bca54757e63718","kind":"open","details":{"externalId":""}},{"id":"ea_fb7096f62d146d34","geometryId":"g_fb7096f62d146d34","kind":"open","details":{"externalId":""}},{"id":"ea_9d2a4c8914be0c6f","geometryId":"g_9d2a4c8914be0c6f","kind":"open","details":{"externalId":""}},{"id":"ea_a0fb0c4a0835cd15","geometryId":"g_a0fb0c4a0835cd15","kind":"open","details":{"externalId":""}},{"id":"ea_7f230d87cbd44500","geometryId":"g_7f230d87cbd44500","kind":"open","details":{"externalId":""}},{"id":"ea_3d27583b6b20ab8f","geometryId":"g_3d27583b6b20ab8f","kind":"open","details":{"externalId":""}},{"id":"ea_840b0b72cb61fb78","geometryId":"g_840b0b72cb61fb78","kind":"open","details":{"externalId":""}},{"id":"ea_113d45a537b879d7","geometryId":"g_113d45a537b879d7","kind":"open","details":{"externalId":""}},{"id":"ea_b8e9e08dc67464aa","geometryId":"g_b8e9e08dc67464aa","kind":"open","details":{"externalId":""}},{"id":"ea_0af248745a4dc6fd","geometryId":"g_0af248745a4dc6fd","kind":"open","details":{"externalId":""}},{"id":"ea_e7ea67b29521486d","geometryId":"g_e7ea67b29521486d","kind":"open","details":{"externalId":""}},{"id":"ea_170863b4d4a0371e","geometryId":"g_170863b4d4a0371e","kind":"open","details":{"externalId":""}},{"id":"ea_480a6b36f82fd665","geometryId":"g_480a6b36f82fd665","kind":"open","details":{"externalId":""}},{"id":"ea_e2d3d58a97294a43","geometryId":"g_e2d3d58a97294a43","kind":"open","details":{"externalId":""}},{"id":"ea_95a05e3e707eb55c","geometryId":"g_95a05e3e707eb55c","kind":"open","details":{"externalId":""}},{"id":"ea_93ee61ed9b203a7d","geometryId":"g_93ee61ed9b203a7d","kind":"open","details":{"externalId":""}},{"id":"ea_2c1baadd7483a789","geometryId":"g_2c1baadd7483a789","kind":"open","details":{"externalId":""}},{"id":"ea_057333e8980cf354","geometryId":"g_057333e8980cf354","kind":"open","details":{"externalId":""}},{"id":"ea_660ff49eb93eb096","geometryId":"g_660ff49eb93eb096","kind":"open","details":{"externalId":""}},{"id":"ea_bd03fd31a3e79c3f","geometryId":"g_bd03fd31a3e79c3f","kind":"open","details":{"externalId":""}},{"id":"ea_4a016245c6409c44","geometryId":"g_4a016245c6409c44","kind":"open","details":{"externalId":""}},{"id":"ea_3eb3ac1a6c9ccaf0","geometryId":"g_3eb3ac1a6c9ccaf0","kind":"open","details":{"externalId":""}},{"id":"ea_c774b3f578b2123d","geometryId":"g_c774b3f578b2123d","kind":"open","details":{"externalId":""}},{"id":"ea_5fc4d189781442e8","geometryId":"g_5fc4d189781442e8","kind":"open","details":{"externalId":""}},{"id":"ea_c330facaae976f67","geometryId":"g_c330facaae976f67","kind":"open","details":{"externalId":""}},{"id":"ea_03e1a33bc10ac2db","geometryId":"g_03e1a33bc10ac2db","kind":"open","details":{"externalId":""}},{"id":"ea_cae4051c32f9dcfb","geometryId":"g_cae4051c32f9dcfb","kind":"open","details":{"externalId":""}},{"id":"ea_29a5d10b6076acfc","geometryId":"g_29a5d10b6076acfc","kind":"open","details":{"externalId":""}},{"id":"ea_1bc7029ee4c56a23","geometryId":"g_1bc7029ee4c56a23","kind":"open","details":{"externalId":""}},{"id":"ea_44513d7571c5a211","geometryId":"g_44513d7571c5a211","kind":"open","details":{"externalId":""}},{"id":"ea_deb5a7acccfd2366","geometryId":"g_deb5a7acccfd2366","kind":"open","details":{"externalId":""}},{"id":"ea_b98a45071deac0d5","geometryId":"g_b98a45071deac0d5","kind":"open","details":{"externalId":""}},{"id":"ea_5d87a143263c8628","geometryId":"g_5d87a143263c8628","kind":"open","details":{"externalId":""}},{"id":"ea_1639d43ffb074047","geometryId":"g_1639d43ffb074047","kind":"open","details":{"externalId":""}},{"id":"ea_7457a986e02af1b6","geometryId":"g_7457a986e02af1b6","kind":"open","details":{"externalId":""}},{"id":"ea_2d5b007be9f06e5f","geometryId":"g_2d5b007be9f06e5f","kind":"open","details":{"externalId":""}},{"id":"ea_a407bdf070464600","geometryId":"g_a407bdf070464600","kind":"open","details":{"externalId":""}},{"id":"ea_b2833c637d2adc8f","geometryId":"g_b2833c637d2adc8f","kind":"open","details":{"externalId":""}},{"id":"ea_6d363baede4ce2e7","geometryId":"g_6d363baede4ce2e7","kind":"open","details":{"externalId":""}},{"id":"ea_3340a8ae5399eb21","geometryId":"g_3340a8ae5399eb21","kind":"open","details":{"externalId":""}},{"id":"ea_eb670c817595760d","geometryId":"g_eb670c817595760d","kind":"open","details":{"externalId":""}}]