[{"id":"c_4669d8cbfc0db397","type":"elevator","entrances":[{"geometryId":"g_08d9e130c880e8c8","floorId":"f_b5369b1f7a27bb97","flags":[5]}],"exits":[{"geometryId":"g_08d9e130c880e8c8","floorId":"f_b5369b1f7a27bb97","flags":[5]}],"entryCost":3000,"floorCostMultiplier":1},{"id":"c_6806b3dfac418500","type":"elevator","entrances":[{"geometryId":"g_39634a74dc90fefa","floorId":"f_b5369b1f7a27bb97","flags":[5]}],"exits":[{"geometryId":"g_39634a74dc90fefa","floorId":"f_b5369b1f7a27bb97","flags":[5]}],"entryCost":3000,"floorCostMultiplier":1},{"id":"c_c1a1218561c37cc2","type":"elevator","entrances":[{"geometryId":"g_09036e932b913fe8","floorId":"f_4c77c4a36c16afa7","flags":[5]}],"exits":[{"geometryId":"g_09036e932b913fe8","floorId":"f_4c77c4a36c16afa7","flags":[5]}],"entryCost":3000,"floorCostMultiplier":1},{"id":"c_68bf5e0056c7ec6e","type":"elevator","entrances":[{"geometryId":"g_a07ab1d27ffa721c","floorId":"f_b5369b1f7a27bb97","flags":[5]}],"exits":[{"geometryId":"g_a07ab1d27ffa721c","floorId":"f_b5369b1f7a27bb97","flags":[5]}],"entryCost":3000,"floorCostMultiplier":1},{"id":"c_c796c10fbbbfeba9","type":"elevator","entrances":[{"geometryId":"g_77cdf675a3fafa75","floorId":"f_4c77c4a36c16afa7","flags":[5]}],"exits":[{"geometryId":"g_77cdf675a3fafa75","floorId":"f_4c77c4a36c16afa7","flags":[5]}],"entryCost":3000,"floorCostMultiplier":1},{"id":"c_f0416d9233114346","type":"elevator","entrances":[{"geometryId":"g_2e504429890fa941","floorId":"f_f00f735a7e70bee6","flags":[5]}],"exits":[{"geometryId":"g_2e504429890fa941","floorId":"f_f00f735a7e70bee6","flags":[5]}],"entryCost":3000,"floorCostMultiplier":1},{"id":"c_a093c9bbd202649a","type":"elevator","entrances":[{"geometryId":"g_76a51d46fb12c0f4","floorId":"f_f00f735a7e70bee6","flags":[5]}],"exits":[{"geometryId":"g_76a51d46fb12c0f4","floorId":"f_f00f735a7e70bee6","flags":[5]}],"entryCost":3000,"floorCostMultiplier":1},{"id":"c_68f20b4612731aa5","type":"elevator","entrances":[{"geometryId":"g_56c9a866b2363efe","floorId":"f_f00f735a7e70bee6","flags":[5]}],"exits":[{"geometryId":"g_56c9a866b2363efe","floorId":"f_f00f735a7e70bee6","flags":[5]}],"entryCost":3000,"floorCostMultiplier":1},{"id":"c_e6c7386f48d683a8","type":"elevator","entrances":[{"geometryId":"g_c1718fbda2956aec","floorId":"f_f00f735a7e70bee6","flags":[5]}],"exits":[{"geometryId":"g_c1718fbda2956aec","floorId":"f_f00f735a7e70bee6","flags":[5]}],"entryCost":3000,"floorCostMultiplier":1},{"id":"c_05c1274784167aed","type":"elevator","entrances":[{"geometryId":"g_421bfa95b458e86a","floorId":"f_4c77c4a36c16afa7","flags":[5]}],"exits":[{"geometryId":"g_421bfa95b458e86a","floorId":"f_4c77c4a36c16afa7","flags":[5]}],"entryCost":3000,"floorCostMultiplier":1},{"id":"c_f0e79855a3376e70","type":"elevator","entrances":[{"geometryId":"g_e8301ed0799878ad","floorId":"f_757f33a6595b91ef","flags":[5]}],"exits":[{"geometryId":"g_e8301ed0799878ad","floorId":"f_757f33a6595b91ef","flags":[5]}],"entryCost":3000,"floorCostMultiplier":1},{"id":"c_8a62536e557f1cd8","type":"elevator","entrances":[{"geometryId":"g_661674eb4b9ef5ff","floorId":"f_757f33a6595b91ef","flags":[5]}],"exits":[{"geometryId":"g_661674eb4b9ef5ff","floorId":"f_757f33a6595b91ef","flags":[5]}],"entryCost":3000,"floorCostMultiplier":1},{"id":"c_f8568908b6a3da3d","type":"stairs","entrances":[{"geometryId":"g_d68385a71b8ec2c7","floorId":"f_b5369b1f7a27bb97","flags":[4]}],"exits":[{"geometryId":"g_d68385a71b8ec2c7","floorId":"f_b5369b1f7a27bb97","flags":[4]}],"entryCost":1000,"floorCostMultiplier":1000},{"id":"c_65149a355761a922","type":"stairs","entrances":[{"geometryId":"g_d66d16c6196af275","floorId":"f_b5369b1f7a27bb97","flags":[4]}],"exits":[{"geometryId":"g_d66d16c6196af275","floorId":"f_b5369b1f7a27bb97","flags":[4]}],"entryCost":1000,"floorCostMultiplier":1000},{"id":"c_1128c2e473aadd6c","type":"stairs","entrances":[{"geometryId":"g_3c5e1148edd906c7","floorId":"f_b5369b1f7a27bb97","flags":[4]}],"exits":[{"geometryId":"g_3c5e1148edd906c7","floorId":"f_b5369b1f7a27bb97","flags":[4]}],"entryCost":1000,"floorCostMultiplier":1000},{"id":"c_dde77a7cf6f16107","type":"stairs","entrances":[{"geometryId":"g_514e20b0273f3cdc","floorId":"f_b5369b1f7a27bb97","flags":[4]}],"exits":[{"geometryId":"g_514e20b0273f3cdc","floorId":"f_b5369b1f7a27bb97","flags":[4]}],"entryCost":1000,"floorCostMultiplier":1000},{"id":"c_3165743d67849780","type":"stairs","entrances":[{"geometryId":"g_554d5f95232a43a5","floorId":"f_b5369b1f7a27bb97","flags":[4]}],"exits":[{"geometryId":"g_554d5f95232a43a5","floorId":"f_b5369b1f7a27bb97","flags":[4]}],"entryCost":1000,"floorCostMultiplier":1000},{"id":"c_e286c34097354f63","type":"stairs","entrances":[{"geometryId":"g_d8cad0017fede9e5","floorId":"f_b5369b1f7a27bb97","flags":[4]}],"exits":[{"geometryId":"g_d8cad0017fede9e5","floorId":"f_b5369b1f7a27bb97","flags":[4]}],"entryCost":1000,"floorCostMultiplier":1000},{"id":"c_8ccb10d38a2b3bff","type":"stairs","entrances":[{"geometryId":"g_d74448f852394d20","floorId":"f_b5369b1f7a27bb97","flags":[4]}],"exits":[{"geometryId":"g_d74448f852394d20","floorId":"f_b5369b1f7a27bb97","flags":[4]}],"entryCost":1000,"floorCostMultiplier":1000},{"id":"c_bac770997b645027","type":"stairs","entrances":[{"geometryId":"g_44b0f21fa0d655db","floorId":"f_b5369b1f7a27bb97","flags":[4]}],"exits":[{"geometryId":"g_44b0f21fa0d655db","floorId":"f_b5369b1f7a27bb97","flags":[4]}],"entryCost":1000,"floorCostMultiplier":1000},{"id":"c_f2ea3f39e1bea6d2","type":"stairs","entrances":[{"geometryId":"g_5663b492b26839a2","floorId":"f_b5369b1f7a27bb97","flags":[4]}],"exits":[{"geometryId":"g_5663b492b26839a2","floorId":"f_b5369b1f7a27bb97","flags":[4]}],"entryCost":1000,"floorCostMultiplier":1000},{"id":"c_7727e51d8e3590fb","type":"stairs","entrances":[{"geometryId":"g_cf1bfc737f98fdd2","floorId":"f_b5369b1f7a27bb97","flags":[4]}],"exits":[{"geometryId":"g_cf1bfc737f98fdd2","floorId":"f_b5369b1f7a27bb97","flags":[4]}],"entryCost":1000,"floorCostMultiplier":1000},{"id":"c_0bb50c5923ec1360","type":"stairs","entrances":[{"geometryId":"g_cf07349d488a9072","floorId":"f_b5369b1f7a27bb97","flags":[4]}],"exits":[{"geometryId":"g_cf07349d488a9072","floorId":"f_b5369b1f7a27bb97","flags":[4]}],"entryCost":1000,"floorCostMultiplier":1000},{"id":"c_a2b26d443f29820c","type":"stairs","entrances":[{"geometryId":"g_4ea2d325587ce4e0","floorId":"f_4c77c4a36c16afa7","flags":[4]},{"geometryId":"g_b55260a34ac39b32","floorId":"f_757f33a6595b91ef","flags":[4]}],"exits":[{"geometryId":"g_4ea2d325587ce4e0","floorId":"f_4c77c4a36c16afa7","flags":[4]},{"geometryId":"g_b55260a34ac39b32","floorId":"f_757f33a6595b91ef","flags":[4]}],"entryCost":1000,"floorCostMultiplier":1000},{"id":"c_81fb91d796e4148e","type":"stairs","entrances":[{"geometryId":"g_96d49545d078f896","floorId":"f_4c77c4a36c16afa7","flags":[4]},{"geometryId":"g_37c60ff64feb81ee","floorId":"f_757f33a6595b91ef","flags":[4]}],"exits":[{"geometryId":"g_96d49545d078f896","floorId":"f_4c77c4a36c16afa7","flags":[4]},{"geometryId":"g_37c60ff64feb81ee","floorId":"f_757f33a6595b91ef","flags":[4]}],"entryCost":1000,"floorCostMultiplier":1000},{"id":"c_978e5e16bc46e73f","type":"stairs","entrances":[{"geometryId":"g_1e6da58a55a31afa","floorId":"f_757f33a6595b91ef","flags":[4]}],"exits":[{"geometryId":"g_1e6da58a55a31afa","floorId":"f_757f33a6595b91ef","flags":[4]}],"entryCost":1000,"floorCostMultiplier":1000},{"id":"c_0a2b13ef7c856573","type":"stairs","entrances":[{"geometryId":"g_d2363432074fc52b","floorId":"f_b5369b1f7a27bb97","flags":[4]}],"exits":[{"geometryId":"g_d2363432074fc52b","floorId":"f_b5369b1f7a27bb97","flags":[4]}],"entryCost":1000,"floorCostMultiplier":1000},{"id":"c_9fe7fb1f01924f38","type":"stairs","entrances":[{"geometryId":"g_80898d6123719be3","floorId":"f_b5369b1f7a27bb97","flags":[4]}],"exits":[{"geometryId":"g_80898d6123719be3","floorId":"f_b5369b1f7a27bb97","flags":[4]}],"entryCost":1000,"floorCostMultiplier":1000},{"id":"c_b85caadd6ce4718c","type":"stairs","entrances":[{"geometryId":"g_42b71d5180d2d1fb","floorId":"f_b5369b1f7a27bb97","flags":[4]}],"exits":[{"geometryId":"g_42b71d5180d2d1fb","floorId":"f_b5369b1f7a27bb97","flags":[4]}],"entryCost":1000,"floorCostMultiplier":1000},{"id":"c_6d9b2fb54066c34b","type":"stairs","entrances":[{"geometryId":"g_9314f9a1db39e850","floorId":"f_b5369b1f7a27bb97","flags":[4]}],"exits":[{"geometryId":"g_9314f9a1db39e850","floorId":"f_b5369b1f7a27bb97","flags":[4]}],"entryCost":1000,"floorCostMultiplier":1000},{"id":"c_43d4023f9b925080","type":"stairs","entrances":[{"geometryId":"g_63b17e87ea85f1a6","floorId":"f_b5369b1f7a27bb97","flags":[4]}],"exits":[{"geometryId":"g_63b17e87ea85f1a6","floorId":"f_b5369b1f7a27bb97","flags":[4]}],"entryCost":1000,"floorCostMultiplier":1000},{"id":"c_a1d03f5fe3d96cbf","type":"stairs","entrances":[{"geometryId":"g_700d449de4d3fbff","floorId":"f_b5369b1f7a27bb97","flags":[4]}],"exits":[{"geometryId":"g_700d449de4d3fbff","floorId":"f_b5369b1f7a27bb97","flags":[4]}],"entryCost":1000,"floorCostMultiplier":1000},{"id":"c_4a3c92d5f460b3c0","type":"stairs","entrances":[{"geometryId":"g_7ed863bbd908f392","floorId":"f_f00f735a7e70bee6","flags":[4]}],"exits":[{"geometryId":"g_7ed863bbd908f392","floorId":"f_f00f735a7e70bee6","flags":[4]}],"entryCost":1000,"floorCostMultiplier":1000},{"id":"c_da7e2dd97353049d","type":"stairs","entrances":[{"geometryId":"g_8f47d5300525fe34","floorId":"f_f00f735a7e70bee6","flags":[4]}],"exits":[{"geometryId":"g_8f47d5300525fe34","floorId":"f_f00f735a7e70bee6","flags":[4]}],"entryCost":1000,"floorCostMultiplier":1000},{"id":"c_d8b3e088d432540f","type":"stairs","entrances":[{"geometryId":"g_cd53bbd8bc8fe885","floorId":"f_f00f735a7e70bee6","flags":[4]}],"exits":[{"geometryId":"g_cd53bbd8bc8fe885","floorId":"f_f00f735a7e70bee6","flags":[4]}],"entryCost":1000,"floorCostMultiplier":1000},{"id":"c_904f53dca319dcc8","type":"stairs","entrances":[{"geometryId":"g_80d19d3e8fde192b","floorId":"f_f00f735a7e70bee6","flags":[4]}],"exits":[{"geometryId":"g_80d19d3e8fde192b","floorId":"f_f00f735a7e70bee6","flags":[4]}],"entryCost":1000,"floorCostMultiplier":1000},{"id":"c_5ce7899f384ef5c3","type":"stairs","entrances":[{"geometryId":"g_f14bfaf62ee21edb","floorId":"f_f00f735a7e70bee6","flags":[4]}],"exits":[{"geometryId":"g_f14bfaf62ee21edb","floorId":"f_f00f735a7e70bee6","flags":[4]}],"entryCost":1000,"floorCostMultiplier":1000},{"id":"c_7b4c74a485da97d3","type":"stairs","entrances":[{"geometryId":"g_db3f8232fd52d3ca","floorId":"f_f00f735a7e70bee6","flags":[4]}],"exits":[{"geometryId":"g_db3f8232fd52d3ca","floorId":"f_f00f735a7e70bee6","flags":[4]}],"entryCost":1000,"floorCostMultiplier":1000},{"id":"c_2ff3522983e9893c","type":"stairs","entrances":[{"geometryId":"g_9abc6824ef16919c","floorId":"f_f00f735a7e70bee6","flags":[4]}],"exits":[{"geometryId":"g_9abc6824ef16919c","floorId":"f_f00f735a7e70bee6","flags":[4]}],"entryCost":1000,"floorCostMultiplier":1000},{"id":"c_973232922e2df745","type":"stairs","entrances":[{"geometryId":"g_0da10a652f6d28fc","floorId":"f_f00f735a7e70bee6","flags":[4]}],"exits":[{"geometryId":"g_0da10a652f6d28fc","floorId":"f_f00f735a7e70bee6","flags":[4]}],"entryCost":1000,"floorCostMultiplier":1000},{"id":"c_bb66b4ad6958f71d","type":"stairs","entrances":[{"geometryId":"g_0310a662651c1e1f","floorId":"f_4c77c4a36c16afa7","flags":[4]}],"exits":[{"geometryId":"g_0310a662651c1e1f","floorId":"f_4c77c4a36c16afa7","flags":[4]}],"entryCost":1000,"floorCostMultiplier":1000},{"id":"c_eb761f6149710c81","type":"stairs","entrances":[{"geometryId":"g_ec5b522cd07382b0","floorId":"f_4c77c4a36c16afa7","flags":[4]}],"exits":[{"geometryId":"g_ec5b522cd07382b0","floorId":"f_4c77c4a36c16afa7","flags":[4]}],"entryCost":1000,"floorCostMultiplier":1000},{"id":"c_eddfd0456a8836fb","type":"stairs","entrances":[{"geometryId":"g_533445e16e5f0205","floorId":"f_4c77c4a36c16afa7","flags":[4]}],"exits":[{"geometryId":"g_533445e16e5f0205","floorId":"f_4c77c4a36c16afa7","flags":[4]}],"entryCost":1000,"floorCostMultiplier":1000},{"id":"c_3ca619d00671a777","type":"stairs","entrances":[{"geometryId":"g_93593c38ac8603bf","floorId":"f_4c77c4a36c16afa7","flags":[4]}],"exits":[{"geometryId":"g_93593c38ac8603bf","floorId":"f_4c77c4a36c16afa7","flags":[4]}],"entryCost":1000,"floorCostMultiplier":1000},{"id":"c_1a82657ca75c7e9a","type":"stairs","entrances":[{"geometryId":"g_0e79ec3c4a339ba4","floorId":"f_757f33a6595b91ef","flags":[4]}],"exits":[{"geometryId":"g_0e79ec3c4a339ba4","floorId":"f_757f33a6595b91ef","flags":[4]}],"entryCost":1000,"floorCostMultiplier":1000},{"id":"c_5948675b364306c6","type":"door","entrances":[{"geometryId":"g_5948675b364306c6","floorId":"f_b5369b1f7a27bb97","flags":[7]}],"exits":[],"entryCost":100,"floorCostMultiplier":1},{"id":"c_1cdec6063e38e206","type":"door","entrances":[{"geometryId":"g_1cdec6063e38e206","floorId":"f_b5369b1f7a27bb97","flags":[5]}],"exits":[],"entryCost":100,"floorCostMultiplier":1},{"id":"c_b68230a54d11d33f","type":"door","entrances":[{"geometryId":"g_b68230a54d11d33f","floorId":"f_b5369b1f7a27bb97","flags":[5]}],"exits":[],"entryCost":100,"floorCostMultiplier":1},{"id":"c_776be2c781cda084","type":"door","entrances":[{"geometryId":"g_776be2c781cda084","floorId":"f_b5369b1f7a27bb97","flags":[5]}],"exits":[],"entryCost":100,"floorCostMultiplier":1},{"id":"c_89a120c3aa7c8669","type":"door","entrances":[{"geometryId":"g_89a120c3aa7c8669","floorId":"f_b5369b1f7a27bb97","flags":[5]}],"exits":[],"entryCost":100,"floorCostMultiplier":1},{"id":"c_7a44765827b1a05d","type":"door","entrances":[{"geometryId":"g_7a44765827b1a05d","floorId":"f_b5369b1f7a27bb97","flags":[5]}],"exits":[],"entryCost":100,"floorCostMultiplier":1},{"id":"c_1a6fd9ca14dd3534","type":"door","entrances":[{"geometryId":"g_1a6fd9ca14dd3534","floorId":"f_b5369b1f7a27bb97","flags":[5]}],"exits":[],"entryCost":100,"floorCostMultiplier":1},{"id":"c_285a3363a22ae507","type":"door","entrances":[{"geometryId":"g_285a3363a22ae507","floorId":"f_b5369b1f7a27bb97","flags":[5]}],"exits":[],"entryCost":100,"floorCostMultiplier":1},{"id":"c_dd02aa74e3c3a788","type":"door","entrances":[{"geometryId":"g_dd02aa74e3c3a788","floorId":"f_b5369b1f7a27bb97","flags":[5]}],"exits":[],"entryCost":100,"floorCostMultiplier":1},{"id":"c_c5dbaffdd51711fe","type":"door","entrances":[{"geometryId":"g_c5dbaffdd51711fe","floorId":"f_b5369b1f7a27bb97","flags":[5]}],"exits":[],"entryCost":100,"floorCostMultiplier":1},{"id":"c_dd89ad2d97553a94","type":"door","entrances":[{"geometryId":"g_dd89ad2d97553a94","floorId":"f_b5369b1f7a27bb97","flags":[7]}],"exits":[],"entryCost":100,"floorCostMultiplier":1},{"id":"c_a5f69173d340c88a","type":"door","entrances":[{"geometryId":"g_a5f69173d340c88a","floorId":"f_b5369b1f7a27bb97","flags":[5]}],"exits":[],"entryCost":100,"floorCostMultiplier":1},{"id":"c_70ac43615ac66a2b","type":"door","entrances":[{"geometryId":"g_70ac43615ac66a2b","floorId":"f_b5369b1f7a27bb97","flags":[5]}],"exits":[],"entryCost":100,"floorCostMultiplier":1},{"id":"c_e105aaa5fd9ae215","type":"door","entrances":[{"geometryId":"g_e105aaa5fd9ae215","floorId":"f_b5369b1f7a27bb97","flags":[5]}],"exits":[],"entryCost":100,"floorCostMultiplier":1},{"id":"c_aadb99f760d9ddca","type":"door","entrances":[{"geometryId":"g_aadb99f760d9ddca","floorId":"f_b5369b1f7a27bb97","flags":[7]}],"exits":[],"entryCost":100,"floorCostMultiplier":1},{"id":"c_fd0d37227fa987a7","type":"door","entrances":[{"geometryId":"g_fd0d37227fa987a7","floorId":"f_b5369b1f7a27bb97","flags":[5]}],"exits":[],"entryCost":100,"floorCostMultiplier":1},{"id":"c_fe0c1ebc443b51d3","type":"door","entrances":[{"geometryId":"g_fe0c1ebc443b51d3","floorId":"f_b5369b1f7a27bb97","flags":[5]}],"exits":[],"entryCost":100,"floorCostMultiplier":1},{"id":"c_6c206547e06490ff","type":"door","entrances":[{"geometryId":"g_6c206547e06490ff","floorId":"f_b5369b1f7a27bb97","flags":[5]}],"exits":[],"entryCost":100,"floorCostMultiplier":1},{"id":"c_357d7c66c7ec0975","type":"door","entrances":[{"geometryId":"g_357d7c66c7ec0975","floorId":"f_b5369b1f7a27bb97","flags":[7]}],"exits":[],"entryCost":100,"floorCostMultiplier":1},{"id":"c_e96d701fa94446d6","type":"door","entrances":[{"geometryId":"g_e96d701fa94446d6","floorId":"f_b5369b1f7a27bb97","flags":[5]}],"exits":[],"entryCost":100,"floorCostMultiplier":1},{"id":"c_86bca54757e63718","type":"door","entrances":[{"geometryId":"g_86bca54757e63718","floorId":"f_b5369b1f7a27bb97","flags":[5]}],"exits":[],"entryCost":100,"floorCostMultiplier":1},{"id":"c_fb7096f62d146d34","type":"door","entrances":[{"geometryId":"g_fb7096f62d146d34","floorId":"f_b5369b1f7a27bb97","flags":[5]}],"exits":[],"entryCost":100,"floorCostMultiplier":1},{"id":"c_9d2a4c8914be0c6f","type":"door","entrances":[{"geometryId":"g_9d2a4c8914be0c6f","floorId":"f_b5369b1f7a27bb97","flags":[5]}],"exits":[],"entryCost":100,"floorCostMultiplier":1},{"id":"c_a0fb0c4a0835cd15","type":"door","entrances":[{"geometryId":"g_a0fb0c4a0835cd15","floorId":"f_b5369b1f7a27bb97","flags":[7]}],"exits":[],"entryCost":100,"floorCostMultiplier":1},{"id":"c_7f230d87cbd44500","type":"door","entrances":[{"geometryId":"g_7f230d87cbd44500","floorId":"f_b5369b1f7a27bb97","flags":[5]}],"exits":[],"entryCost":100,"floorCostMultiplier":1},{"id":"c_3d27583b6b20ab8f","type":"door","entrances":[{"geometryId":"g_3d27583b6b20ab8f","floorId":"f_b5369b1f7a27bb97","flags":[7]}],"exits":[],"entryCost":100,"floorCostMultiplier":1},{"id":"c_840b0b72cb61fb78","type":"door","entrances":[{"geometryId":"g_840b0b72cb61fb78","floorId":"f_b5369b1f7a27bb97","flags":[5]}],"exits":[],"entryCost":100,"floorCostMultiplier":1},{"id":"c_113d45a537b879d7","type":"door","entrances":[{"geometryId":"g_113d45a537b879d7","floorId":"f_b5369b1f7a27bb97","flags":[5]}],"exits":[],"entryCost":100,"floorCostMultiplier":1},{"id":"c_b8e9e08dc67464aa","type":"door","entrances":[{"geometryId":"g_b8e9e08dc67464aa","floorId":"f_b5369b1f7a27bb97","flags":[5]}],"exits":[],"entryCost":100,"floorCostMultiplier":1},{"id":"c_0af248745a4dc6fd","type":"door","entrances":[{"geometryId":"g_0af248745a4dc6fd","floorId":"f_b5369b1f7a27bb97","flags":[5]}],"exits":[],"entryCost":100,"floorCostMultiplier":1},{"id":"c_e7ea67b29521486d","type":"door","entrances":[{"geometryId":"g_e7ea67b29521486d","floorId":"f_b5369b1f7a27bb97","flags":[5]}],"exits":[],"entryCost":100,"floorCostMultiplier":1},{"id":"c_170863b4d4a0371e","type":"door","entrances":[{"geometryId":"g_170863b4d4a0371e","floorId":"f_b5369b1f7a27bb97","flags":[5]}],"exits":[],"entryCost":100,"floorCostMultiplier":1},{"id":"c_480a6b36f82fd665","type":"door","entrances":[{"geometryId":"g_480a6b36f82fd665","floorId":"f_b5369b1f7a27bb97","flags":[5]}],"exits":[],"entryCost":100,"floorCostMultiplier":1},{"id":"c_e2d3d58a97294a43","type":"door","entrances":[{"geometryId":"g_e2d3d58a97294a43","floorId":"f_b5369b1f7a27bb97","flags":[5]}],"exits":[],"entryCost":100,"floorCostMultiplier":1},{"id":"c_95a05e3e707eb55c","type":"door","entrances":[{"geometryId":"g_95a05e3e707eb55c","floorId":"f_b5369b1f7a27bb97","flags":[5]}],"exits":[],"entryCost":100,"floorCostMultiplier":1},{"id":"c_93ee61ed9b203a7d","type":"door","entrances":[{"geometryId":"g_93ee61ed9b203a7d","floorId":"f_b5369b1f7a27bb97","flags":[5]}],"exits":[],"entryCost":100,"floorCostMultiplier":1},{"id":"c_2c1baadd7483a789","type":"door","entrances":[{"geometryId":"g_2c1baadd7483a789","floorId":"f_b5369b1f7a27bb97","flags":[5]}],"exits":[],"entryCost":100,"floorCostMultiplier":1},{"id":"c_057333e8980cf354","type":"door","entrances":[{"geometryId":"g_057333e8980cf354","floorId":"f_b5369b1f7a27bb97","flags":[5]}],"exits":[],"entryCost":100,"floorCostMultiplier":1},{"id":"c_660ff49eb93eb096","type":"door","entrances":[{"geometryId":"g_660ff49eb93eb096","floorId":"f_b5369b1f7a27bb97","flags":[5]}],"exits":[],"entryCost":100,"floorCostMultiplier":1},{"id":"c_bd03fd31a3e79c3f","type":"door","entrances":[{"geometryId":"g_bd03fd31a3e79c3f","floorId":"f_b5369b1f7a27bb97","flags":[5]}],"exits":[],"entryCost":100,"floorCostMultiplier":1},{"id":"c_4a016245c6409c44","type":"door","entrances":[{"geometryId":"g_4a016245c6409c44","floorId":"f_b5369b1f7a27bb97","flags":[5]}],"exits":[],"entryCost":100,"floorCostMultiplier":1},{"id":"c_3eb3ac1a6c9ccaf0","type":"door","entrances":[{"geometryId":"g_3eb3ac1a6c9ccaf0","floorId":"f_b5369b1f7a27bb97","flags":[5]}],"exits":[],"entryCost":100,"floorCostMultiplier":1},{"id":"c_c774b3f578b2123d","type":"door","entrances":[{"geometryId":"g_c774b3f578b2123d","floorId":"f_b5369b1f7a27bb97","flags":[5]}],"exits":[],"entryCost":100,"floorCostMultiplier":1},{"id":"c_5fc4d189781442e8","type":"door","entrances":[{"geometryId":"g_5fc4d189781442e8","floorId":"f_b5369b1f7a27bb97","flags":[7]}],"exits":[],"entryCost":100,"floorCostMultiplier":1},{"id":"c_c330facaae976f67","type":"door","entrances":[{"geometryId":"g_c330facaae976f67","floorId":"f_b5369b1f7a27bb97","flags":[7]}],"exits":[],"entryCost":100,"floorCostMultiplier":1},{"id":"c_03e1a33bc10ac2db","type":"door","entrances":[{"geometryId":"g_03e1a33bc10ac2db","floorId":"f_b5369b1f7a27bb97","flags":[5]}],"exits":[],"entryCost":100,"floorCostMultiplier":1},{"id":"c_1bc7029ee4c56a23","type":"door","entrances":[{"geometryId":"g_1bc7029ee4c56a23","floorId":"f_b5369b1f7a27bb97","flags":[5]}],"exits":[],"entryCost":100,"floorCostMultiplier":1},{"id":"c_44513d7571c5a211","type":"door","entrances":[{"geometryId":"g_44513d7571c5a211","floorId":"f_b5369b1f7a27bb97","flags":[5]}],"exits":[],"entryCost":100,"floorCostMultiplier":1},{"id":"c_deb5a7acccfd2366","type":"door","entrances":[{"geometryId":"g_deb5a7acccfd2366","floorId":"f_b5369b1f7a27bb97","flags":[5]}],"exits":[],"entryCost":100,"floorCostMultiplier":1},{"id":"c_b98a45071deac0d5","type":"door","entrances":[{"geometryId":"g_b98a45071deac0d5","floorId":"f_b5369b1f7a27bb97","flags":[5]}],"exits":[],"entryCost":100,"floorCostMultiplier":1},{"id":"c_5d87a143263c8628","type":"door","entrances":[{"geometryId":"g_5d87a143263c8628","floorId":"f_b5369b1f7a27bb97","flags":[5]}],"exits":[],"entryCost":100,"floorCostMultiplier":1},{"id":"c_1639d43ffb074047","type":"door","entrances":[{"geometryId":"g_1639d43ffb074047","floorId":"f_b5369b1f7a27bb97","flags":[5]}],"exits":[],"entryCost":100,"floorCostMultiplier":1},{"id":"c_7457a986e02af1b6","type":"door","entrances":[{"geometryId":"g_7457a986e02af1b6","floorId":"f_b5369b1f7a27bb97","flags":[5]}],"exits":[],"entryCost":100,"floorCostMultiplier":1},{"id":"c_2d5b007be9f06e5f","type":"door","entrances":[{"geometryId":"g_2d5b007be9f06e5f","floorId":"f_b5369b1f7a27bb97","flags":[5]}],"exits":[],"entryCost":100,"floorCostMultiplier":1},{"id":"c_a407bdf070464600","type":"door","entrances":[{"geometryId":"g_a407bdf070464600","floorId":"f_b5369b1f7a27bb97","flags":[5]}],"exits":[],"entryCost":100,"floorCostMultiplier":1},{"id":"c_b2833c637d2adc8f","type":"door","entrances":[{"geometryId":"g_b2833c637d2adc8f","floorId":"f_b5369b1f7a27bb97","flags":[5]}],"exits":[],"entryCost":100,"floorCostMultiplier":1},{"id":"c_6d363baede4ce2e7","type":"door","entrances":[{"geometryId":"g_6d363baede4ce2e7","floorId":"f_b5369b1f7a27bb97","flags":[5]}],"exits":[],"entryCost":100,"floorCostMultiplier":1},{"id":"c_3340a8ae5399eb21","type":"door","entrances":[{"geometryId":"g_3340a8ae5399eb21","floorId":"f_b5369b1f7a27bb97","flags":[5]}],"exits":[],"entryCost":100,"floorCostMultiplier":1},{"id":"c_eb670c817595760d","type":"door","entrances":[{"geometryId":"g_eb670c817595760d","floorId":"f_b5369b1f7a27bb97","flags":[5]}],"exits":[],"entryCost":100,"floorCostMultiplier":1},{"id":"c_cc39a58b07a6a6e3","type":"door","entrances":[{"geometryId":"g_cc39a58b07a6a6e3","floorId":"f_4c77c4a36c16afa7","flags":[5]}],"exits":[],"entryCost":100,"floorCostMultiplier":1},{"id":"c_2cf60723d3ac275b","type":"door","entrances":[{"geometryId":"g_2cf60723d3ac275b","floorId":"f_4c77c4a36c16afa7","flags":[5]}],"exits":[],"entryCost":100,"floorCostMultiplier":1},{"id":"c_e785ba40c5fa787d","type":"door","entrances":[{"geometryId":"g_e785ba40c5fa787d","floorId":"f_4c77c4a36c16afa7","flags":[5]}],"exits":[],"entryCost":100,"floorCostMultiplier":1},{"id":"c_5ed9377a2b39baee","type":"door","entrances":[{"geometryId":"g_5ed9377a2b39baee","floorId":"f_4c77c4a36c16afa7","flags":[5]}],"exits":[],"entryCost":100,"floorCostMultiplier":1},{"id":"c_3abcd8a970d4e027","type":"door","entrances":[{"geometryId":"g_3abcd8a970d4e027","floorId":"f_4c77c4a36c16afa7","flags":[5]}],"exits":[],"entryCost":100,"floorCostMultiplier":1},{"id":"c_c5f955d78283d826","type":"door","entrances":[{"geometryId":"g_c5f955d78283d826","floorId":"f_4c77c4a36c16afa7","flags":[5]}],"exits":[],"entryCost":100,"floorCostMultiplier":1},{"id":"c_14851abb6661a19b","type":"door","entrances":[{"geometryId":"g_14851abb6661a19b","floorId":"f_4c77c4a36c16afa7","flags":[5]}],"exits":[],"entryCost":100,"floorCostMultiplier":1},{"id":"c_715befe6a3a02daf","type":"door","entrances":[{"geometryId":"g_715befe6a3a02daf","floorId":"f_4c77c4a36c16afa7","flags":[5]}],"exits":[],"entryCost":100,"floorCostMultiplier":1},{"id":"c_13b20117ff88dea5","type":"door","entrances":[{"geometryId":"g_13b20117ff88dea5","floorId":"f_4c77c4a36c16afa7","flags":[5]}],"exits":[],"entryCost":100,"floorCostMultiplier":1},{"id":"c_3c142b69aa3d8579","type":"door","entrances":[{"geometryId":"g_3c142b69aa3d8579","floorId":"f_4c77c4a36c16afa7","flags":[5]}],"exits":[],"entryCost":100,"floorCostMultiplier":1},{"id":"c_f1aa896bf1a36a80","type":"door","entrances":[{"geometryId":"g_f1aa896bf1a36a80","floorId":"f_4c77c4a36c16afa7","flags":[5]}],"exits":[],"entryCost":100,"floorCostMultiplier":1},{"id":"c_88bb4f7ba5c4c8fe","type":"door","entrances":[{"geometryId":"g_88bb4f7ba5c4c8fe","floorId":"f_4c77c4a36c16afa7","flags":[5]}],"exits":[],"entryCost":100,"floorCostMultiplier":1},{"id":"c_a32900f4e370db74","type":"door","entrances":[{"geometryId":"g_a32900f4e370db74","floorId":"f_4c77c4a36c16afa7","flags":[5]}],"exits":[],"entryCost":100,"floorCostMultiplier":1},{"id":"c_653f752faf225b0d","type":"door","entrances":[{"geometryId":"g_653f752faf225b0d","floorId":"f_4c77c4a36c16afa7","flags":[5]}],"exits":[],"entryCost":100,"floorCostMultiplier":1},{"id":"c_89e1d33672391acb","type":"door","entrances":[{"geometryId":"g_89e1d33672391acb","floorId":"f_4c77c4a36c16afa7","flags":[5]}],"exits":[],"entryCost":100,"floorCostMultiplier":1},{"id":"c_c563c0014496a64a","type":"door","entrances":[{"geometryId":"g_c563c0014496a64a","floorId":"f_4c77c4a36c16afa7","flags":[5]}],"exits":[],"entryCost":100,"floorCostMultiplier":1},{"id":"c_06e86c4a7efea967","type":"door","entrances":[{"geometryId":"g_06e86c4a7efea967","floorId":"f_4c77c4a36c16afa7","flags":[5]}],"exits":[],"entryCost":100,"floorCostMultiplier":1},{"id":"c_94ac3edac428e8b6","type":"door","entrances":[{"geometryId":"g_94ac3edac428e8b6","floorId":"f_4c77c4a36c16afa7","flags":[5]}],"exits":[],"entryCost":100,"floorCostMultiplier":1},{"id":"c_b12ec20ab3748d3c","type":"door","entrances":[{"geometryId":"g_b12ec20ab3748d3c","floorId":"f_4c77c4a36c16afa7","flags":[5]}],"exits":[],"entryCost":100,"floorCostMultiplier":1},{"id":"c_e1b8449f02ea39b6","type":"door","entrances":[{"geometryId":"g_e1b8449f02ea39b6","floorId":"f_4c77c4a36c16afa7","flags":[5]}],"exits":[],"entryCost":100,"floorCostMultiplier":1},{"id":"c_40efb031cecbd14c","type":"door","entrances":[{"geometryId":"g_40efb031cecbd14c","floorId":"f_4c77c4a36c16afa7","flags":[5]}],"exits":[],"entryCost":100,"floorCostMultiplier":1},{"id":"c_7a29e704a3ea8425","type":"door","entrances":[{"geometryId":"g_7a29e704a3ea8425","floorId":"f_4c77c4a36c16afa7","flags":[5]}],"exits":[],"entryCost":100,"floorCostMultiplier":1},{"id":"c_71b7790d8e80c663","type":"door","entrances":[{"geometryId":"g_71b7790d8e80c663","floorId":"f_4c77c4a36c16afa7","flags":[5]}],"exits":[],"entryCost":100,"floorCostMultiplier":1},{"id":"c_44bca0e8319625cc","type":"door","entrances":[{"geometryId":"g_44bca0e8319625cc","floorId":"f_4c77c4a36c16afa7","flags":[5]}],"exits":[],"entryCost":100,"floorCostMultiplier":1},{"id":"c_1541af5737a1a770","type":"door","entrances":[{"geometryId":"g_1541af5737a1a770","floorId":"f_4c77c4a36c16afa7","flags":[5]}],"exits":[],"entryCost":100,"floorCostMultiplier":1},{"id":"c_78c452be7943dbed","type":"door","entrances":[{"geometryId":"g_78c452be7943dbed","floorId":"f_4c77c4a36c16afa7","flags":[5]}],"exits":[],"entryCost":100,"floorCostMultiplier":1},{"id":"c_e8d6e295b9a6a9c4","type":"door","entrances":[{"geometryId":"g_e8d6e295b9a6a9c4","floorId":"f_4c77c4a36c16afa7","flags":[5]}],"exits":[],"entryCost":100,"floorCostMultiplier":1},{"id":"c_c521746faaf04822","type":"door","entrances":[{"geometryId":"g_c521746faaf04822","floorId":"f_4c77c4a36c16afa7","flags":[5]}],"exits":[],"entryCost":100,"floorCostMultiplier":1},{"id":"c_7fe9cc60ffd3c69d","type":"door","entrances":[{"geometryId":"g_7fe9cc60ffd3c69d","floorId":"f_4c77c4a36c16afa7","flags":[5]}],"exits":[],"entryCost":100,"floorCostMultiplier":1},{"id":"c_65712b7c1e92e10a","type":"door","entrances":[{"geometryId":"g_65712b7c1e92e10a","floorId":"f_4c77c4a36c16afa7","flags":[5]}],"exits":[],"entryCost":100,"floorCostMultiplier":1},{"id":"c_b880b77681c3ad73","type":"door","entrances":[{"geometryId":"g_b880b77681c3ad73","floorId":"f_4c77c4a36c16afa7","flags":[5]}],"exits":[],"entryCost":100,"floorCostMultiplier":1},{"id":"c_48e0b33190212a06","type":"door","entrances":[{"geometryId":"g_48e0b33190212a06","floorId":"f_4c77c4a36c16afa7","flags":[5]}],"exits":[],"entryCost":100,"floorCostMultiplier":1},{"id":"c_43a748a6c91a739b","type":"door","entrances":[{"geometryId":"g_43a748a6c91a739b","floorId":"f_4c77c4a36c16afa7","flags":[5]}],"exits":[],"entryCost":100,"floorCostMultiplier":1},{"id":"c_b199a268d7a47989","type":"door","entrances":[{"geometryId":"g_b199a268d7a47989","floorId":"f_4c77c4a36c16afa7","flags":[5]}],"exits":[],"entryCost":100,"floorCostMultiplier":1},{"id":"c_d8c9eb95ddd8c3d8","type":"door","entrances":[{"geometryId":"g_d8c9eb95ddd8c3d8","floorId":"f_4c77c4a36c16afa7","flags":[5]}],"exits":[],"entryCost":100,"floorCostMultiplier":1},{"id":"c_4f0bdf0f6aa20870","type":"door","entrances":[{"geometryId":"g_4f0bdf0f6aa20870","floorId":"f_4c77c4a36c16afa7","flags":[5]}],"exits":[],"entryCost":100,"floorCostMultiplier":1},{"id":"c_5b8403a591e6a8cb","type":"door","entrances":[{"geometryId":"g_5b8403a591e6a8cb","floorId":"f_4c77c4a36c16afa7","flags":[5]}],"exits":[],"entryCost":100,"floorCostMultiplier":1},{"id":"c_b0acc6be61538de1","type":"door","entrances":[{"geometryId":"g_b0acc6be61538de1","floorId":"f_4c77c4a36c16afa7","flags":[5]}],"exits":[],"entryCost":100,"floorCostMultiplier":1},{"id":"c_b5b6d40f0f5fe06a","type":"door","entrances":[{"geometryId":"g_b5b6d40f0f5fe06a","floorId":"f_4c77c4a36c16afa7","flags":[5]}],"exits":[],"entryCost":100,"floorCostMultiplier":1},{"id":"c_273f186319875285","type":"door","entrances":[{"geometryId":"g_273f186319875285","floorId":"f_4c77c4a36c16afa7","flags":[5]}],"exits":[],"entryCost":100,"floorCostMultiplier":1},{"id":"c_f6c375c6f09793d3","type":"door","entrances":[{"geometryId":"g_f6c375c6f09793d3","floorId":"f_4c77c4a36c16afa7","flags":[5]}],"exits":[],"entryCost":100,"floorCostMultiplier":1},{"id":"c_67ca23a4c2b78991","type":"door","entrances":[{"geometryId":"g_67ca23a4c2b78991","floorId":"f_4c77c4a36c16afa7","flags":[5]}],"exits":[],"entryCost":100,"floorCostMultiplier":1},{"id":"c_57077edbacb77c44","type":"door","entrances":[{"geometryId":"g_57077edbacb77c44","floorId":"f_4c77c4a36c16afa7","flags":[5]}],"exits":[],"entryCost":100,"floorCostMultiplier":1},{"id":"c_dbf7d8f36e4e5fcb","type":"door","entrances":[{"geometryId":"g_dbf7d8f36e4e5fcb","floorId":"f_4c77c4a36c16afa7","flags":[5]}],"exits":[],"entryCost":100,"floorCostMultiplier":1},{"id":"c_58cdce2a7e5f78fc","type":"door","entrances":[{"geometryId":"g_58cdce2a7e5f78fc","floorId":"f_4c77c4a36c16afa7","flags":[5]}],"exits":[],"entryCost":100,"floorCostMultiplier":1},{"id":"c_b687440ce2ca091e","type":"door","entrances":[{"geometryId":"g_b687440ce2ca091e","floorId":"f_4c77c4a36c16afa7","flags":[5]}],"exits":[],"entryCost":100,"floorCostMultiplier":1},{"id":"c_69de12d7af96674a","type":"door","entrances":[{"geometryId":"g_69de12d7af96674a","floorId":"f_4c77c4a36c16afa7","flags":[5]}],"exits":[],"entryCost":100,"floorCostMultiplier":1},{"id":"c_7ee026f09c7f38c5","type":"door","entrances":[{"geometryId":"g_7ee026f09c7f38c5","floorId":"f_4c77c4a36c16afa7","flags":[5]}],"exits":[],"entryCost":100,"floorCostMultiplier":1},{"id":"c_952bdc18f5701dc2","type":"door","entrances":[{"geometryId":"g_952bdc18f5701dc2","floorId":"f_4c77c4a36c16afa7","flags":[5]}],"exits":[],"entryCost":100,"floorCostMultiplier":1},{"id":"c_630a7585bf26fe19","type":"door","entrances":[{"geometryId":"g_630a7585bf26fe19","floorId":"f_4c77c4a36c16afa7","flags":[5]}],"exits":[],"entryCost":100,"floorCostMultiplier":1},{"id":"c_67e52e1bded0f876","type":"door","entrances":[{"geometryId":"g_67e52e1bded0f876","floorId":"f_4c77c4a36c16afa7","flags":[5]}],"exits":[],"entryCost":100,"floorCostMultiplier":1},{"id":"c_f4656f04ca02e8e0","type":"door","entrances":[{"geometryId":"g_f4656f04ca02e8e0","floorId":"f_4c77c4a36c16afa7","flags":[5]}],"exits":[],"entryCost":100,"floorCostMultiplier":1},{"id":"c_9e60af8a546708b9","type":"door","entrances":[{"geometryId":"g_9e60af8a546708b9","floorId":"f_4c77c4a36c16afa7","flags":[5]}],"exits":[],"entryCost":100,"floorCostMultiplier":1},{"id":"c_5f65523397e8f57f","type":"door","entrances":[{"geometryId":"g_5f65523397e8f57f","floorId":"f_4c77c4a36c16afa7","flags":[5]}],"exits":[],"entryCost":100,"floorCostMultiplier":1},{"id":"c_fbe41de349d8ed8e","type":"door","entrances":[{"geometryId":"g_fbe41de349d8ed8e","floorId":"f_4c77c4a36c16afa7","flags":[5]}],"exits":[],"entryCost":100,"floorCostMultiplier":1},{"id":"c_8c6aa165c513afaa","type":"door","entrances":[{"geometryId":"g_8c6aa165c513afaa","floorId":"f_4c77c4a36c16afa7","flags":[5]}],"exits":[],"entryCost":100,"floorCostMultiplier":1},{"id":"c_fa4a74d161e190fe","type":"door","entrances":[{"geometryId":"g_fa4a74d161e190fe","floorId":"f_4c77c4a36c16afa7","flags":[5]}],"exits":[],"entryCost":100,"floorCostMultiplier":1},{"id":"c_fac73fe9cfb433f5","type":"door","entrances":[{"geometryId":"g_fac73fe9cfb433f5","floorId":"f_4c77c4a36c16afa7","flags":[5]}],"exits":[],"entryCost":100,"floorCostMultiplier":1},{"id":"c_ce475668a1d6ac5c","type":"door","entrances":[{"geometryId":"g_ce475668a1d6ac5c","floorId":"f_4c77c4a36c16afa7","flags":[5]}],"exits":[],"entryCost":100,"floorCostMultiplier":1},{"id":"c_12de7c1ba84148fb","type":"door","entrances":[{"geometryId":"g_12de7c1ba84148fb","floorId":"f_4c77c4a36c16afa7","flags":[5]}],"exits":[],"entryCost":100,"floorCostMultiplier":1},{"id":"c_afe3b3fd1925ec0b","type":"door","entrances":[{"geometryId":"g_afe3b3fd1925ec0b","floorId":"f_4c77c4a36c16afa7","flags":[5]}],"exits":[],"entryCost":100,"floorCostMultiplier":1},{"id":"c_8028fda1c4b7f277","type":"door","entrances":[{"geometryId":"g_8028fda1c4b7f277","floorId":"f_4c77c4a36c16afa7","flags":[5]}],"exits":[],"entryCost":100,"floorCostMultiplier":1},{"id":"c_998c155b7b3421cb","type":"door","entrances":[{"geometryId":"g_998c155b7b3421cb","floorId":"f_4c77c4a36c16afa7","flags":[5]}],"exits":[],"entryCost":100,"floorCostMultiplier":1},{"id":"c_5ebd0d1220eb8bc7","type":"door","entrances":[{"geometryId":"g_5ebd0d1220eb8bc7","floorId":"f_4c77c4a36c16afa7","flags":[5]}],"exits":[],"entryCost":100,"floorCostMultiplier":1},{"id":"c_0e1878b1809de0d5","type":"door","entrances":[{"geometryId":"g_0e1878b1809de0d5","floorId":"f_4c77c4a36c16afa7","flags":[5]}],"exits":[],"entryCost":100,"floorCostMultiplier":1},{"id":"c_df85d27ae6972cbc","type":"door","entrances":[{"geometryId":"g_df85d27ae6972cbc","floorId":"f_4c77c4a36c16afa7","flags":[5]}],"exits":[],"entryCost":100,"floorCostMultiplier":1},{"id":"c_591b9025aa0deb71","type":"door","entrances":[{"geometryId":"g_591b9025aa0deb71","floorId":"f_4c77c4a36c16afa7","flags":[5]}],"exits":[],"entryCost":100,"floorCostMultiplier":1},{"id":"c_93abc247cf9cfe75","type":"door","entrances":[{"geometryId":"g_93abc247cf9cfe75","floorId":"f_4c77c4a36c16afa7","flags":[5]}],"exits":[],"entryCost":100,"floorCostMultiplier":1},{"id":"c_8dd2028fdcc051c8","type":"door","entrances":[{"geometryId":"g_8dd2028fdcc051c8","floorId":"f_4c77c4a36c16afa7","flags":[5]}],"exits":[],"entryCost":100,"floorCostMultiplier":1},{"id":"c_9d8541afdc2ca2b7","type":"door","entrances":[{"geometryId":"g_9d8541afdc2ca2b7","floorId":"f_4c77c4a36c16afa7","flags":[5]}],"exits":[],"entryCost":100,"floorCostMultiplier":1},{"id":"c_a973a957309ef313","type":"door","entrances":[{"geometryId":"g_a973a957309ef313","floorId":"f_4c77c4a36c16afa7","flags":[5]}],"exits":[],"entryCost":100,"floorCostMultiplier":1},{"id":"c_ddbaf3715aea4700","type":"door","entrances":[{"geometryId":"g_ddbaf3715aea4700","floorId":"f_4c77c4a36c16afa7","flags":[5]}],"exits":[],"entryCost":100,"floorCostMultiplier":1},{"id":"c_1bad823782ab1b53","type":"door","entrances":[{"geometryId":"g_1bad823782ab1b53","floorId":"f_4c77c4a36c16afa7","flags":[5]}],"exits":[],"entryCost":100,"floorCostMultiplier":1},{"id":"c_4f9f9bc217977092","type":"door","entrances":[{"geometryId":"g_4f9f9bc217977092","floorId":"f_4c77c4a36c16afa7","flags":[5]}],"exits":[],"entryCost":100,"floorCostMultiplier":1},{"id":"c_afc41dcab4e9d38a","type":"door","entrances":[{"geometryId":"g_afc41dcab4e9d38a","floorId":"f_4c77c4a36c16afa7","flags":[5]}],"exits":[],"entryCost":100,"floorCostMultiplier":1},{"id":"c_36f013fe44a94e33","type":"door","entrances":[{"geometryId":"g_36f013fe44a94e33","floorId":"f_4c77c4a36c16afa7","flags":[5]}],"exits":[],"entryCost":100,"floorCostMultiplier":1},{"id":"c_150b4394f6fbef0b","type":"door","entrances":[{"geometryId":"g_150b4394f6fbef0b","floorId":"f_f00f735a7e70bee6","flags":[5]}],"exits":[],"entryCost":100,"floorCostMultiplier":1},{"id":"c_60c9d05072b00648","type":"door","entrances":[{"geometryId":"g_60c9d05072b00648","floorId":"f_f00f735a7e70bee6","flags":[5]}],"exits":[],"entryCost":100,"floorCostMultiplier":1},{"id":"c_711e1467c33cc309","type":"door","entrances":[{"geometryId":"g_711e1467c33cc309","floorId":"f_f00f735a7e70bee6","flags":[5]}],"exits":[],"entryCost":100,"floorCostMultiplier":1},{"id":"c_e30ec4d5d25e660f","type":"door","entrances":[{"geometryId":"g_e30ec4d5d25e660f","floorId":"f_f00f735a7e70bee6","flags":[5]}],"exits":[],"entryCost":100,"floorCostMultiplier":1},{"id":"c_90b72a87a15d1a77","type":"door","entrances":[{"geometryId":"g_90b72a87a15d1a77","floorId":"f_f00f735a7e70bee6","flags":[5]}],"exits":[],"entryCost":100,"floorCostMultiplier":1},{"id":"c_b5f213d39632d2f4","type":"door","entrances":[{"geometryId":"g_b5f213d39632d2f4","floorId":"f_f00f735a7e70bee6","flags":[5]}],"exits":[],"entryCost":100,"floorCostMultiplier":1},{"id":"c_23bd7ff88f4d67cb","type":"door","entrances":[{"geometryId":"g_23bd7ff88f4d67cb","floorId":"f_f00f735a7e70bee6","flags":[5]}],"exits":[],"entryCost":100,"floorCostMultiplier":1},{"id":"c_34c11259a981086e","type":"door","entrances":[{"geometryId":"g_34c11259a981086e","floorId":"f_f00f735a7e70bee6","flags":[5]}],"exits":[],"entryCost":100,"floorCostMultiplier":1},{"id":"c_2afc3bc28ce97d27","type":"door","entrances":[{"geometryId":"g_2afc3bc28ce97d27","floorId":"f_f00f735a7e70bee6","flags":[5]}],"exits":[],"entryCost":100,"floorCostMultiplier":1},{"id":"c_8ce82cd2a7d93436","type":"door","entrances":[{"geometryId":"g_8ce82cd2a7d93436","floorId":"f_f00f735a7e70bee6","flags":[5]}],"exits":[],"entryCost":100,"floorCostMultiplier":1},{"id":"c_286fedfffbad3d58","type":"door","entrances":[{"geometryId":"g_286fedfffbad3d58","floorId":"f_f00f735a7e70bee6","flags":[5]}],"exits":[],"entryCost":100,"floorCostMultiplier":1},{"id":"c_2129c43092680c7f","type":"door","entrances":[{"geometryId":"g_2129c43092680c7f","floorId":"f_f00f735a7e70bee6","flags":[5]}],"exits":[],"entryCost":100,"floorCostMultiplier":1},{"id":"c_0b4f534c277c06c5","type":"door","entrances":[{"geometryId":"g_0b4f534c277c06c5","floorId":"f_f00f735a7e70bee6","flags":[5]}],"exits":[],"entryCost":100,"floorCostMultiplier":1},{"id":"c_7405af2d61614b6f","type":"door","entrances":[{"geometryId":"g_7405af2d61614b6f","floorId":"f_f00f735a7e70bee6","flags":[5]}],"exits":[],"entryCost":100,"floorCostMultiplier":1},{"id":"c_9cd8d093969d69fe","type":"door","entrances":[{"geometryId":"g_9cd8d093969d69fe","floorId":"f_f00f735a7e70bee6","flags":[5]}],"exits":[],"entryCost":100,"floorCostMultiplier":1},{"id":"c_6a418b119dd3c4fe","type":"door","entrances":[{"geometryId":"g_6a418b119dd3c4fe","floorId":"f_f00f735a7e70bee6","flags":[5]}],"exits":[],"entryCost":100,"floorCostMultiplier":1},{"id":"c_c283c0c377ed53ae","type":"door","entrances":[{"geometryId":"g_c283c0c377ed53ae","floorId":"f_f00f735a7e70bee6","flags":[5]}],"exits":[],"entryCost":100,"floorCostMultiplier":1},{"id":"c_8c7a52dfd8ec706f","type":"door","entrances":[{"geometryId":"g_8c7a52dfd8ec706f","floorId":"f_f00f735a7e70bee6","flags":[5]}],"exits":[],"entryCost":100,"floorCostMultiplier":1},{"id":"c_7cf9f042330f19c3","type":"door","entrances":[{"geometryId":"g_7cf9f042330f19c3","floorId":"f_f00f735a7e70bee6","flags":[5]}],"exits":[],"entryCost":100,"floorCostMultiplier":1},{"id":"c_1a341f21ca5ff91e","type":"door","entrances":[{"geometryId":"g_1a341f21ca5ff91e","floorId":"f_f00f735a7e70bee6","flags":[5]}],"exits":[],"entryCost":100,"floorCostMultiplier":1},{"id":"c_9de681195e234059","type":"door","entrances":[{"geometryId":"g_9de681195e234059","floorId":"f_f00f735a7e70bee6","flags":[5]}],"exits":[],"entryCost":100,"floorCostMultiplier":1},{"id":"c_15895f41f646fdcb","type":"door","entrances":[{"geometryId":"g_15895f41f646fdcb","floorId":"f_f00f735a7e70bee6","flags":[5]}],"exits":[],"entryCost":100,"floorCostMultiplier":1},{"id":"c_51fe3c47fb68b893","type":"door","entrances":[{"geometryId":"g_51fe3c47fb68b893","floorId":"f_f00f735a7e70bee6","flags":[5]}],"exits":[],"entryCost":100,"floorCostMultiplier":1},{"id":"c_24861f16d3c2181c","type":"door","entrances":[{"geometryId":"g_24861f16d3c2181c","floorId":"f_f00f735a7e70bee6","flags":[5]}],"exits":[],"entryCost":100,"floorCostMultiplier":1},{"id":"c_105e2a5af831abf3","type":"door","entrances":[{"geometryId":"g_105e2a5af831abf3","floorId":"f_f00f735a7e70bee6","flags":[5]}],"exits":[],"entryCost":100,"floorCostMultiplier":1},{"id":"c_316a13337e75bf86","type":"door","entrances":[{"geometryId":"g_316a13337e75bf86","floorId":"f_f00f735a7e70bee6","flags":[5]}],"exits":[],"entryCost":100,"floorCostMultiplier":1},{"id":"c_1b1f9ba46fca967f","type":"door","entrances":[{"geometryId":"g_1b1f9ba46fca967f","floorId":"f_f00f735a7e70bee6","flags":[5]}],"exits":[],"entryCost":100,"floorCostMultiplier":1},{"id":"c_40b4844dc3d496ff","type":"door","entrances":[{"geometryId":"g_40b4844dc3d496ff","floorId":"f_f00f735a7e70bee6","flags":[5]}],"exits":[],"entryCost":100,"floorCostMultiplier":1},{"id":"c_f2a3e44ea5ae0b5f","type":"door","entrances":[{"geometryId":"g_f2a3e44ea5ae0b5f","floorId":"f_f00f735a7e70bee6","flags":[5]}],"exits":[],"entryCost":100,"floorCostMultiplier":1},{"id":"c_e2f8eea1b2c766eb","type":"door","entrances":[{"geometryId":"g_e2f8eea1b2c766eb","floorId":"f_f00f735a7e70bee6","flags":[5]}],"exits":[],"entryCost":100,"floorCostMultiplier":1},{"id":"c_38427616877410eb","type":"door","entrances":[{"geometryId":"g_38427616877410eb","floorId":"f_f00f735a7e70bee6","flags":[5]}],"exits":[],"entryCost":100,"floorCostMultiplier":1},{"id":"c_2ff399c9bc593751","type":"door","entrances":[{"geometryId":"g_2ff399c9bc593751","floorId":"f_f00f735a7e70bee6","flags":[5]}],"exits":[],"entryCost":100,"floorCostMultiplier":1},{"id":"c_9e5d314a1c748a63","type":"door","entrances":[{"geometryId":"g_9e5d314a1c748a63","floorId":"f_f00f735a7e70bee6","flags":[5]}],"exits":[],"entryCost":100,"floorCostMultiplier":1},{"id":"c_225bc05cb5597240","type":"door","entrances":[{"geometryId":"g_225bc05cb5597240","floorId":"f_f00f735a7e70bee6","flags":[5]}],"exits":[],"entryCost":100,"floorCostMultiplier":1},{"id":"c_0c689ee09ef42aca","type":"door","entrances":[{"geometryId":"g_0c689ee09ef42aca","floorId":"f_f00f735a7e70bee6","flags":[5]}],"exits":[],"entryCost":100,"floorCostMultiplier":1},{"id":"c_b866863c17f8651a","type":"door","entrances":[{"geometryId":"g_b866863c17f8651a","floorId":"f_f00f735a7e70bee6","flags":[5]}],"exits":[],"entryCost":100,"floorCostMultiplier":1},{"id":"c_bed1590a1bc4a250","type":"door","entrances":[{"geometryId":"g_bed1590a1bc4a250","floorId":"f_f00f735a7e70bee6","flags":[5]}],"exits":[],"entryCost":100,"floorCostMultiplier":1},{"id":"c_d1cd0315d475b9d6","type":"door","entrances":[{"geometryId":"g_d1cd0315d475b9d6","floorId":"f_f00f735a7e70bee6","flags":[5]}],"exits":[],"entryCost":100,"floorCostMultiplier":1},{"id":"c_c9e63d0084abc780","type":"door","entrances":[{"geometryId":"g_c9e63d0084abc780","floorId":"f_f00f735a7e70bee6","flags":[5]}],"exits":[],"entryCost":100,"floorCostMultiplier":1},{"id":"c_e6249067742ecee0","type":"door","entrances":[{"geometryId":"g_e6249067742ecee0","floorId":"f_f00f735a7e70bee6","flags":[5]}],"exits":[],"entryCost":100,"floorCostMultiplier":1},{"id":"c_63c39dbaedb25a02","type":"door","entrances":[{"geometryId":"g_63c39dbaedb25a02","floorId":"f_f00f735a7e70bee6","flags":[5]}],"exits":[],"entryCost":100,"floorCostMultiplier":1},{"id":"c_ffd3092968aad219","type":"door","entrances":[{"geometryId":"g_ffd3092968aad219","floorId":"f_f00f735a7e70bee6","flags":[5]}],"exits":[],"entryCost":100,"floorCostMultiplier":1},{"id":"c_4b0af0ff512205e5","type":"door","entrances":[{"geometryId":"g_4b0af0ff512205e5","floorId":"f_f00f735a7e70bee6","flags":[5]}],"exits":[],"entryCost":100,"floorCostMultiplier":1},{"id":"c_85e63e81c571b82d","type":"door","entrances":[{"geometryId":"g_85e63e81c571b82d","floorId":"f_f00f735a7e70bee6","flags":[5]}],"exits":[],"entryCost":100,"floorCostMultiplier":1},{"id":"c_1a9f884ce1a1df39","type":"door","entrances":[{"geometryId":"g_1a9f884ce1a1df39","floorId":"f_f00f735a7e70bee6","flags":[5]}],"exits":[],"entryCost":100,"floorCostMultiplier":1},{"id":"c_a916253f0cb1d866","type":"door","entrances":[{"geometryId":"g_a916253f0cb1d866","floorId":"f_f00f735a7e70bee6","flags":[5]}],"exits":[],"entryCost":100,"floorCostMultiplier":1},{"id":"c_0f13ad4fe4413f32","type":"door","entrances":[{"geometryId":"g_0f13ad4fe4413f32","floorId":"f_f00f735a7e70bee6","flags":[5]}],"exits":[],"entryCost":100,"floorCostMultiplier":1},{"id":"c_76809cff2d100c08","type":"door","entrances":[{"geometryId":"g_76809cff2d100c08","floorId":"f_f00f735a7e70bee6","flags":[5]}],"exits":[],"entryCost":100,"floorCostMultiplier":1},{"id":"c_c7f15a80971547d3","type":"door","entrances":[{"geometryId":"g_c7f15a80971547d3","floorId":"f_f00f735a7e70bee6","flags":[5]}],"exits":[],"entryCost":100,"floorCostMultiplier":1},{"id":"c_579876f9d72136e4","type":"door","entrances":[{"geometryId":"g_579876f9d72136e4","floorId":"f_f00f735a7e70bee6","flags":[5]}],"exits":[],"entryCost":100,"floorCostMultiplier":1},{"id":"c_133539f9d7e9e0b1","type":"door","entrances":[{"geometryId":"g_133539f9d7e9e0b1","floorId":"f_f00f735a7e70bee6","flags":[5]}],"exits":[],"entryCost":100,"floorCostMultiplier":1},{"id":"c_7fce8920c92edb59","type":"door","entrances":[{"geometryId":"g_7fce8920c92edb59","floorId":"f_f00f735a7e70bee6","flags":[5]}],"exits":[],"entryCost":100,"floorCostMultiplier":1},{"id":"c_364a8c5997897425","type":"door","entrances":[{"geometryId":"g_364a8c5997897425","floorId":"f_f00f735a7e70bee6","flags":[5]}],"exits":[],"entryCost":100,"floorCostMultiplier":1},{"id":"c_95127bbc1cb8d036","type":"door","entrances":[{"geometryId":"g_95127bbc1cb8d036","floorId":"f_f00f735a7e70bee6","flags":[5]}],"exits":[],"entryCost":100,"floorCostMultiplier":1},{"id":"c_88685d19822c1450","type":"door","entrances":[{"geometryId":"g_88685d19822c1450","floorId":"f_f00f735a7e70bee6","flags":[5]}],"exits":[],"entryCost":100,"floorCostMultiplier":1},{"id":"c_70011162a0a6de17","type":"door","entrances":[{"geometryId":"g_70011162a0a6de17","floorId":"f_f00f735a7e70bee6","flags":[5]}],"exits":[],"entryCost":100,"floorCostMultiplier":1},{"id":"c_74d6586eac075ae7","type":"door","entrances":[{"geometryId":"g_74d6586eac075ae7","floorId":"f_f00f735a7e70bee6","flags":[5]}],"exits":[],"entryCost":100,"floorCostMultiplier":1},{"id":"c_ea83cf55d3f47709","type":"door","entrances":[{"geometryId":"g_ea83cf55d3f47709","floorId":"f_f00f735a7e70bee6","flags":[5]}],"exits":[],"entryCost":100,"floorCostMultiplier":1},{"id":"c_805a2036af1ed16f","type":"door","entrances":[{"geometryId":"g_805a2036af1ed16f","floorId":"f_f00f735a7e70bee6","flags":[5]}],"exits":[],"entryCost":100,"floorCostMultiplier":1},{"id":"c_e4ee35d97239a465","type":"door","entrances":[{"geometryId":"g_e4ee35d97239a465","floorId":"f_757f33a6595b91ef","flags":[5]}],"exits":[],"entryCost":100,"floorCostMultiplier":1},{"id":"c_7e6a4543fe886167","type":"door","entrances":[{"geometryId":"g_7e6a4543fe886167","floorId":"f_757f33a6595b91ef","flags":[5]}],"exits":[],"entryCost":100,"floorCostMultiplier":1},{"id":"c_cd5084fd1c69fa34","type":"door","entrances":[{"geometryId":"g_cd5084fd1c69fa34","floorId":"f_757f33a6595b91ef","flags":[5]}],"exits":[],"entryCost":100,"floorCostMultiplier":1},{"id":"c_0952693cbd18032c","type":"door","entrances":[{"geometryId":"g_0952693cbd18032c","floorId":"f_757f33a6595b91ef","flags":[5]}],"exits":[],"entryCost":100,"floorCostMultiplier":1},{"id":"c_43bf552ca90285a6","type":"door","entrances":[{"geometryId":"g_43bf552ca90285a6","floorId":"f_757f33a6595b91ef","flags":[5]}],"exits":[],"entryCost":100,"floorCostMultiplier":1},{"id":"c_7507166e3e0f09d3","type":"door","entrances":[{"geometryId":"g_7507166e3e0f09d3","floorId":"f_757f33a6595b91ef","flags":[5]}],"exits":[],"entryCost":100,"floorCostMultiplier":1},{"id":"c_a3d63d35161d4a2c","type":"door","entrances":[{"geometryId":"g_a3d63d35161d4a2c","floorId":"f_757f33a6595b91ef","flags":[5]}],"exits":[],"entryCost":100,"floorCostMultiplier":1},{"id":"c_2e2595d88355b022","type":"door","entrances":[{"geometryId":"g_2e2595d88355b022","floorId":"f_757f33a6595b91ef","flags":[5]}],"exits":[],"entryCost":100,"floorCostMultiplier":1},{"id":"c_1dee207b2b68dfe6","type":"door","entrances":[{"geometryId":"g_1dee207b2b68dfe6","floorId":"f_757f33a6595b91ef","flags":[5]}],"exits":[],"entryCost":100,"floorCostMultiplier":1},{"id":"c_c0d8cfe51a848c6f","type":"door","entrances":[{"geometryId":"g_c0d8cfe51a848c6f","floorId":"f_757f33a6595b91ef","flags":[5]}],"exits":[],"entryCost":100,"floorCostMultiplier":1},{"id":"c_b13cb1c0d1cfa138","type":"door","entrances":[{"geometryId":"g_b13cb1c0d1cfa138","floorId":"f_757f33a6595b91ef","flags":[5]}],"exits":[],"entryCost":100,"floorCostMultiplier":1},{"id":"c_625f441fe3821c57","type":"door","entrances":[{"geometryId":"g_625f441fe3821c57","floorId":"f_757f33a6595b91ef","flags":[5]}],"exits":[],"entryCost":100,"floorCostMultiplier":1},{"id":"c_917965b08a85e953","type":"door","entrances":[{"geometryId":"g_917965b08a85e953","floorId":"f_757f33a6595b91ef","flags":[5]}],"exits":[],"entryCost":100,"floorCostMultiplier":1},{"id":"c_5d6f7e080d04f05b","type":"door","entrances":[{"geometryId":"g_5d6f7e080d04f05b","floorId":"f_757f33a6595b91ef","flags":[5]}],"exits":[],"entryCost":100,"floorCostMultiplier":1},{"id":"c_47445711f6090554","type":"door","entrances":[{"geometryId":"g_47445711f6090554","floorId":"f_757f33a6595b91ef","flags":[5]}],"exits":[],"entryCost":100,"floorCostMultiplier":1},{"id":"c_6fbc2bd604562d1c","type":"door","entrances":[{"geometryId":"g_6fbc2bd604562d1c","floorId":"f_757f33a6595b91ef","flags":[5]}],"exits":[],"entryCost":100,"floorCostMultiplier":1},{"id":"c_a16cb652a77a1acc","type":"door","entrances":[{"geometryId":"g_a16cb652a77a1acc","floorId":"f_757f33a6595b91ef","flags":[5]}],"exits":[],"entryCost":100,"floorCostMultiplier":1},{"id":"c_083e66d4fc2d66d1","type":"door","entrances":[{"geometryId":"g_083e66d4fc2d66d1","floorId":"f_757f33a6595b91ef","flags":[5]}],"exits":[],"entryCost":100,"floorCostMultiplier":1},{"id":"c_06525b896f7e2b11","type":"door","entrances":[{"geometryId":"g_06525b896f7e2b11","floorId":"f_757f33a6595b91ef","flags":[5]}],"exits":[],"entryCost":100,"floorCostMultiplier":1},{"id":"c_3a997d590ecddb38","type":"door","entrances":[{"geometryId":"g_3a997d590ecddb38","floorId":"f_757f33a6595b91ef","flags":[5]}],"exits":[],"entryCost":100,"floorCostMultiplier":1},{"id":"c_17ecd22fb51ecbd1","type":"door","entrances":[{"geometryId":"g_17ecd22fb51ecbd1","floorId":"f_757f33a6595b91ef","flags":[5]}],"exits":[],"entryCost":100,"floorCostMultiplier":1},{"id":"c_e9a033c45802f162","type":"door","entrances":[{"geometryId":"g_e9a033c45802f162","floorId":"f_757f33a6595b91ef","flags":[5]}],"exits":[],"entryCost":100,"floorCostMultiplier":1},{"id":"c_99838b7e23522a8a","type":"door","entrances":[{"geometryId":"g_99838b7e23522a8a","floorId":"f_757f33a6595b91ef","flags":[5]}],"exits":[],"entryCost":100,"floorCostMultiplier":1},{"id":"c_89fe4af29909b406","type":"door","entrances":[{"geometryId":"g_89fe4af29909b406","floorId":"f_757f33a6595b91ef","flags":[5]}],"exits":[],"entryCost":100,"floorCostMultiplier":1},{"id":"c_e51c07807c680a2d","type":"door","entrances":[{"geometryId":"g_e51c07807c680a2d","floorId":"f_757f33a6595b91ef","flags":[5]}],"exits":[],"entryCost":100,"floorCostMultiplier":1},{"id":"c_14ec7eeff788e5f8","type":"door","entrances":[{"geometryId":"g_14ec7eeff788e5f8","floorId":"f_757f33a6595b91ef","flags":[5]}],"exits":[],"entryCost":100,"floorCostMultiplier":1},{"id":"c_cf6849b0546eccdc","type":"door","entrances":[{"geometryId":"g_cf6849b0546eccdc","floorId":"f_757f33a6595b91ef","flags":[5]}],"exits":[],"entryCost":100,"floorCostMultiplier":1},{"id":"c_58674ec54f2ba7be","type":"door","entrances":[{"geometryId":"g_58674ec54f2ba7be","floorId":"f_757f33a6595b91ef","flags":[5]}],"exits":[],"entryCost":100,"floorCostMultiplier":1},{"id":"c_519ae24898eb4339","type":"door","entrances":[{"geometryId":"g_519ae24898eb4339","floorId":"f_757f33a6595b91ef","flags":[5]}],"exits":[],"entryCost":100,"floorCostMultiplier":1},{"id":"c_76c4e98fb3de5f18","type":"door","entrances":[{"geometryId":"g_76c4e98fb3de5f18","floorId":"f_757f33a6595b91ef","flags":[5]}],"exits":[],"entryCost":100,"floorCostMultiplier":1},{"id":"c_82a435dcac21f10e","type":"door","entrances":[{"geometryId":"g_82a435dcac21f10e","floorId":"f_757f33a6595b91ef","flags":[5]}],"exits":[],"entryCost":100,"floorCostMultiplier":1},{"id":"c_894999066b1459f6","type":"door","entrances":[{"geometryId":"g_894999066b1459f6","floorId":"f_757f33a6595b91ef","flags":[5]}],"exits":[],"entryCost":100,"floorCostMultiplier":1},{"id":"c_b3b163d82e4c5b4c","type":"door","entrances":[{"geometryId":"g_b3b163d82e4c5b4c","floorId":"f_757f33a6595b91ef","flags":[5]}],"exits":[],"entryCost":100,"floorCostMultiplier":1},{"id":"c_0385c4745c2c002f","type":"door","entrances":[{"geometryId":"g_0385c4745c2c002f","floorId":"f_757f33a6595b91ef","flags":[5]}],"exits":[],"entryCost":100,"floorCostMultiplier":1},{"id":"c_914eeab0cb05fea6","type":"door","entrances":[{"geometryId":"g_914eeab0cb05fea6","floorId":"f_757f33a6595b91ef","flags":[5]}],"exits":[],"entryCost":100,"floorCostMultiplier":1},{"id":"c_9b9ec5b962050a76","type":"door","entrances":[{"geometryId":"g_9b9ec5b962050a76","floorId":"f_757f33a6595b91ef","flags":[5]}],"exits":[],"entryCost":100,"floorCostMultiplier":1},{"id":"c_a9170ad531e26a08","type":"door","entrances":[{"geometryId":"g_a9170ad531e26a08","floorId":"f_757f33a6595b91ef","flags":[5]}],"exits":[],"entryCost":100,"floorCostMultiplier":1},{"id":"c_1e4c216de5eb27c5","type":"door","entrances":[{"geometryId":"g_1e4c216de5eb27c5","floorId":"f_757f33a6595b91ef","flags":[5]}],"exits":[],"entryCost":100,"floorCostMultiplier":1},{"id":"c_34186522322ccd11","type":"door","entrances":[{"geometryId":"g_34186522322ccd11","floorId":"f_757f33a6595b91ef","flags":[5]}],"exits":[],"entryCost":100,"floorCostMultiplier":1},{"id":"c_e04c10a712945dfc","type":"door","entrances":[{"geometryId":"g_e04c10a712945dfc","floorId":"f_757f33a6595b91ef","flags":[5]}],"exits":[],"entryCost":100,"floorCostMultiplier":1},{"id":"c_99c51722b0bc0b3a","type":"door","entrances":[{"geometryId":"g_99c51722b0bc0b3a","floorId":"f_757f33a6595b91ef","flags":[5]}],"exits":[],"entryCost":100,"floorCostMultiplier":1},{"id":"c_44a6834ccf9b4372","type":"door","entrances":[{"geometryId":"g_44a6834ccf9b4372","floorId":"f_757f33a6595b91ef","flags":[5]}],"exits":[],"entryCost":100,"floorCostMultiplier":1},{"id":"c_ab440eadd1cc164d","type":"door","entrances":[{"geometryId":"g_ab440eadd1cc164d","floorId":"f_757f33a6595b91ef","flags":[5]}],"exits":[],"entryCost":100,"floorCostMultiplier":1},{"id":"c_b0831c3cc457b246","type":"door","entrances":[{"geometryId":"g_b0831c3cc457b246","floorId":"f_757f33a6595b91ef","flags":[5]}],"exits":[],"entryCost":100,"floorCostMultiplier":1},{"id":"c_9fd4bbe4fe3780ba","type":"door","entrances":[{"geometryId":"g_9fd4bbe4fe3780ba","floorId":"f_757f33a6595b91ef","flags":[5]}],"exits":[],"entryCost":100,"floorCostMultiplier":1},{"id":"c_2fb7ea8087c458dc","type":"door","entrances":[{"geometryId":"g_2fb7ea8087c458dc","floorId":"f_757f33a6595b91ef","flags":[5]}],"exits":[],"entryCost":100,"floorCostMultiplier":1},{"id":"c_7a5dc2c54d4423c5","type":"door","entrances":[{"geometryId":"g_7a5dc2c54d4423c5","floorId":"f_757f33a6595b91ef","flags":[5]}],"exits":[],"entryCost":100,"floorCostMultiplier":1}]