[{"id":"c_4669d8cbfc0db397","type":"elevator","externalId":"","accessible":true,"nodes":["n_08d9e130c880e8c8"]},{"id":"c_6806b3dfac418500","type":"elevator","externalId":"","accessible":true,"nodes":["n_39634a74dc90fefa"]},{"id":"c_c1a1218561c37cc2","type":"elevator","externalId":"","accessible":true,"nodes":["n_09036e932b913fe8"]},{"id":"c_68bf5e0056c7ec6e","type":"elevator","externalId":"","accessible":true,"nodes":["n_a07ab1d27ffa721c"]},{"id":"c_c796c10fbbbfeba9","type":"elevator","externalId":"","accessible":true,"nodes":["n_77cdf675a3fafa75"]},{"id":"c_f0416d9233114346","type":"elevator","externalId":"","accessible":true,"nodes":["n_2e504429890fa941"]},{"id":"c_a093c9bbd202649a","type":"elevator","externalId":"","accessible":true,"nodes":["n_76a51d46fb12c0f4"]},{"id":"c_68f20b4612731aa5","type":"elevator","externalId":"","accessible":true,"nodes":["n_56c9a866b2363efe"]},{"id":"c_e6c7386f48d683a8","type":"elevator","externalId":"","accessible":true,"nodes":["n_c1718fbda2956aec"]},{"id":"c_05c1274784167aed","type":"elevator","externalId":"","accessible":true,"nodes":["n_421bfa95b458e86a"]},{"id":"c_f0e79855a3376e70","type":"elevator","externalId":"","accessible":true,"nodes":["n_e8301ed0799878ad"]},{"id":"c_8a62536e557f1cd8","type":"elevator","externalId":"","accessible":true,"nodes":["n_661674eb4b9ef5ff"]},{"id":"c_f8568908b6a3da3d","type":"stairs","externalId":"","accessible":false,"nodes":["n_d68385a71b8ec2c7"]},{"id":"c_65149a355761a922","type":"stairs","externalId":"","accessible":false,"nodes":["n_d66d16c6196af275"]},{"id":"c_1128c2e473aadd6c","type":"stairs","externalId":"","accessible":false,"nodes":["n_3c5e1148edd906c7"]},{"id":"c_dde77a7cf6f16107","type":"stairs","externalId":"","accessible":false,"nodes":["n_514e20b0273f3cdc"]},{"id":"c_3165743d67849780","type":"stairs","externalId":"","accessible":false,"nodes":["n_554d5f95232a43a5"]},{"id":"c_e286c34097354f63","type":"stairs","externalId":"","accessible":false,"nodes":["n_d8cad0017fede9e5"]},{"id":"c_8ccb10d38a2b3bff","type":"stairs","externalId":"","accessible":false,"nodes":["n_d74448f852394d20"]},{"id":"c_bac770997b645027","type":"stairs","externalId":"","accessible":false,"nodes":["n_44b0f21fa0d655db"]},{"id":"c_f2ea3f39e1bea6d2","type":"stairs","externalId":"","accessible":false,"nodes":["n_5663b492b26839a2"]},{"id":"c_7727e51d8e3590fb","type":"stairs","externalId":"","accessible":false,"nodes":["n_cf1bfc737f98fdd2"]},{"id":"c_0bb50c5923ec1360","type":"stairs","externalId":"","accessible":false,"nodes":["n_cf07349d488a9072"]},{"id":"c_a2b26d443f29820c","type":"stairs","externalId":"","accessible":false,"nodes":["n_4ea2d325587ce4e0","n_b55260a34ac39b32"]},{"id":"c_81fb91d796e4148e","type":"stairs","externalId":"","accessible":false,"nodes":["n_96d49545d078f896","n_37c60ff64feb81ee"]},{"id":"c_978e5e16bc46e73f","type":"stairs","externalId":"","accessible":false,"nodes":["n_1e6da58a55a31afa"]},{"id":"c_0a2b13ef7c856573","type":"stairs","externalId":"","accessible":false,"nodes":["n_d2363432074fc52b"]},{"id":"c_9fe7fb1f01924f38","type":"stairs","externalId":"","accessible":false,"nodes":["n_80898d6123719be3"]},{"id":"c_b85caadd6ce4718c","type":"stairs","externalId":"","accessible":false,"nodes":["n_42b71d5180d2d1fb"]},{"id":"c_6d9b2fb54066c34b","type":"stairs","externalId":"","accessible":false,"nodes":["n_9314f9a1db39e850"]},{"id":"c_43d4023f9b925080","type":"stairs","externalId":"","accessible":false,"nodes":["n_63b17e87ea85f1a6"]},{"id":"c_a1d03f5fe3d96cbf","type":"stairs","externalId":"","accessible":false,"nodes":["n_700d449de4d3fbff"]},{"id":"c_4a3c92d5f460b3c0","type":"stairs","externalId":"","accessible":false,"nodes":["n_7ed863bbd908f392"]},{"id":"c_da7e2dd97353049d","type":"stairs","externalId":"","accessible":false,"nodes":["n_8f47d5300525fe34"]},{"id":"c_d8b3e088d432540f","type":"stairs","externalId":"","accessible":false,"nodes":["n_cd53bbd8bc8fe885"]},{"id":"c_904f53dca319dcc8","type":"stairs","externalId":"","accessible":false,"nodes":["n_80d19d3e8fde192b"]},{"id":"c_5ce7899f384ef5c3","type":"stairs","externalId":"","accessible":false,"nodes":["n_f14bfaf62ee21edb"]},{"id":"c_7b4c74a485da97d3","type":"stairs","externalId":"","accessible":false,"nodes":["n_db3f8232fd52d3ca"]},{"id":"c_2ff3522983e9893c","type":"stairs","externalId":"","accessible":false,"nodes":["n_9abc6824ef16919c"]},{"id":"c_973232922e2df745","type":"stairs","externalId":"","accessible":false,"nodes":["n_0da10a652f6d28fc"]},{"id":"c_bb66b4ad6958f71d","type":"stairs","externalId":"","accessible":false,"nodes":["n_0310a662651c1e1f"]},{"id":"c_eb761f6149710c81","type":"stairs","externalId":"","accessible":false,"nodes":["n_ec5b522cd07382b0"]},{"id":"c_eddfd0456a8836fb","type":"stairs","externalId":"","accessible":false,"nodes":["n_533445e16e5f0205"]},{"id":"c_3ca619d00671a777","type":"stairs","externalId":"","accessible":false,"nodes":["n_93593c38ac8603bf"]},{"id":"c_1a82657ca75c7e9a","type":"stairs","externalId":"","accessible":false,"nodes":["n_0e79ec3c4a339ba4"]}]