[{"id":"a_045abe3e590e4f54","geometryId":"g_045abe3e590e4f54","symbolKey":"access-features--primary-entrance"},{"id":"a_d10e2c3f87e2ed72","geometryId":"g_d10e2c3f87e2ed72","symbolKey":"access-features--primary-entrance"},{"id":"a_babd2e1581cdcc3e","geometryId":"g_babd2e1581cdcc3e","symbolKey":"access-features--primary-entrance"},{"id":"a_0ed8dacbb1db7d44","geometryId":"g_0ed8dacbb1db7d44","symbolKey":"access-features--primary-entrance"},{"id":"a_ff32fab0316cc60d","geometryId":"g_ff32fab0316cc60d","symbolKey":"access-features--primary-entrance"},{"id":"a_356a2300a6f252fc","geometryId":"g_356a2300a6f252fc","symbolKey":"access-features--primary-entrance"},{"id":"a_3569c0a442bdff1e","geometryId":"g_3569c0a442bdff1e","symbolKey":"access-features--primary-entrance"},{"id":"a_b47b0576ba4c2542","geometryId":"g_b47b0576ba4c2542","symbolKey":"access-features--primary-entrance"}]